camera,age,ram,cpu_score,slot_sd,sims,price
110,0,16,95,0,2,13727
187,0,12,44,0,2,23907
100,1,8,99,1,2,21288
22,0,16,65,1,1,42195
114,2,16,55,0,2,27894
79,0,16,92,0,1,56873
196,3,4,70,0,2,42405
28,1,16,67,0,2,61728
110,3,12,46,0,1,32755
129,2,12,77,1,1,27780
82,2,8,48,0,2,12677
95,2,6,78,1,1,62677
124,2,6,74,1,1,54548
107,0,4,82,0,1,15122
111,1,16,66,1,2,58794
159,2,4,51,0,2,9294
138,3,8,92,0,2,55457
157,2,8,64,0,2,50542
60,1,6,82,1,1,56070
9,3,8,68,1,1,60688
95,3,16,70,1,1,48555
165,3,12,97,0,1,16555
45,0,8,73,1,2,10116
137,2,4,72,1,1,18547
199,0,16,66,1,2,20710
195,3,8,95,0,2,10561
28,0,8,95,1,2,35692
168,0,16,41,0,1,46807
65,0,8,53,1,1,48168
29,2,12,52,1,2,48636
96,3,6,63,1,2,39086
56,3,16,44,0,1,38555
66,2,4,73,0,2,63417
177,0,8,94,1,1,43310
195,0,6,62,1,2,47488
22,1,4,58,0,2,61172
197,1,4,69,0,1,25267
197,1,12,88,1,1,9172
182,2,6,82,1,2,67128
197,3,16,55,0,2,47806
58,1,6,91,1,1,29979
115,3,6,89,0,2,61826
62,3,4,91,1,2,22685
71,3,12,79,1,2,36544
138,2,12,73,1,2,64890
58,2,6,88,1,2,34738
142,2,6,50,0,2,51635
28,2,8,53,1,1,69676
80,1,4,87,1,2,34670
174,0,16,86,1,1,56748
25,0,16,54,1,2,67665
139,0,12,74,1,2,32688
96,1,4,97,1,1,63840
67,0,12,46,0,1,14542
21,1,16,68,1,1,33367
16,1,6,83,0,1,58467
97,1,4,93,0,1,34939
60,0,4,61,0,2,60385
137,3,8,62,0,1,57202
91,0,6,63,1,1,68839
99,0,6,74,1,1,23765
118,2,12,90,1,2,8143
195,1,4,49,0,2,60839
179,3,12,100,1,2,13801
15,2,6,47,0,1,35151
182,3,8,87,0,2,29636
42,3,4,87,1,2,62770
88,1,6,51,0,2,28869
171,0,8,68,0,2,15337
57,1,16,68,0,1,32535
111,1,6,62,0,1,40285
139,2,16,65,1,1,50980
9,1,12,76,0,1,16116
141,0,16,71,0,1,28114
61,3,6,91,0,1,66092
113,1,16,77,1,1,55515
11,3,4,96,1,1,21998
61,1,6,45,0,2,38279
198,3,8,47,1,2,49834
153,1,16,56,1,1,60096
51,2,4,51,1,1,61955
169,3,12,61,1,2,58360
197,1,12,53,0,2,60885
21,1,16,73,0,2,40981
102,2,12,58,1,1,37789
55,2,8,45,1,2,22905
22,2,6,57,1,1,38938
197,3,4,75,1,2,20300
47,3,16,93,1,2,63718
89,2,12,76,1,1,26202
118,0,6,77,1,2,11494
60,0,8,54,0,1,8485
31,1,12,77,0,2,48312
161,0,12,79,1,1,27399
195,1,4,48,1,1,52683
131,3,8,92,0,1,44247
48,3,8,93,0,2,14929
164,0,16,45,1,1,53174
22,3,4,93,0,2,63566
52,2,16,41,0,2,36603
72,2,4,55,1,1,53967
96,0,8,91,0,1,62368
78,0,4,40,1,2,12937
16,1,4,69,0,2,60270
95,3,4,99,1,1,41431
136,1,6,87,0,2,58175
143,1,6,72,0,1,47084
70,2,8,40,1,1,21074
146,2,4,78,0,1,61594
88,2,8,55,0,2,8236
143,2,6,56,1,2,31070
170,1,4,87,0,2,19476
170,2,16,87,0,2,27727
40,3,6,77,1,1,47318
130,2,6,57,1,2,59277
12,2,6,61,1,1,65110
48,2,4,61,1,1,54632
35,0,12,99,1,2,60369
142,3,16,98,1,2,26339
79,3,16,74,1,2,30539
19,1,8,70,1,1,65079
169,1,4,79,0,2,8228
40,2,6,66,0,1,62090
55,0,12,75,1,1,29444
158,1,4,100,0,2,35988
69,1,4,94,1,2,31199
44,2,12,43,0,2,24092
106,2,6,88,0,1,43654
179,1,4,93,1,1,20451
111,1,16,44,0,2,21991
42,3,16,64,0,2,20669
200,0,12,70,0,1,14874
108,3,6,53,1,2,37253
182,1,12,69,0,2,31989
138,3,4,86,0,1,27203
8,3,16,96,1,1,10989
12,1,8,51,0,2,50046
149,2,12,66,0,1,15138
110,1,8,84,0,2,42761
34,2,8,63,0,1,36917
144,1,16,94,1,1,43813
22,1,12,69,1,1,14193
97,1,8,57,1,1,24157
49,0,4,53,0,2,60457
131,2,6,95,1,1,26376
186,0,6,58,0,2,27983
70,1,16,61,0,1,55027
103,3,12,65,1,2,60739
59,0,12,46,1,1,42073
103,2,6,67,1,1,30747
139,1,4,77,0,2,39626
158,0,6,44,0,1,46235
150,3,6,75,0,2,12459
178,0,12,57,0,2,13087
36,2,8,96,1,1,58071
43,0,4,53,1,1,22898
20,3,12,87,0,2,49001
167,3,6,62,0,1,22758
78,2,8,94,1,1,55238
194,3,4,91,1,2,23121
93,1,16,53,0,1,25666
35,3,4,71,1,1,54270
73,1,4,44,0,1,39999
177,0,6,61,0,1,55851
52,1,6,67,0,1,68909
69,1,16,82,0,2,56915
192,0,16,51,1,1,56993
141,3,16,57,1,1,46877
35,1,12,75,0,2,42888
35,3,12,70,0,1,52105
115,0,6,52,0,2,35258
51,2,6,59,0,2,21893
91,3,16,99,0,1,28880
37,3,12,84,1,1,60302
197,2,8,75,0,2,39712
82,2,12,94,1,1,37943
135,0,6,100,0,2,13306
99,3,12,94,0,1,36300
197,3,6,46,0,1,58985
136,0,16,62,0,2,32107
128,3,16,73,1,2,46646
34,1,16,92,1,2,18709
197,1,8,97,1,2,40481
128,1,8,89,0,2,22914
123,3,6,71,1,2,39175
10,1,4,60,0,2,36412
110,1,8,99,0,2,24151
162,0,6,45,1,2,13009
144,0,12,55,0,2,28246
69,2,16,74,0,1,57280
172,2,16,93,1,1,69818
58,2,16,86,1,2,68530
179,2,6,92,0,1,9345
159,0,16,59,1,2,18628
66,0,8,81,1,1,51793
125,0,12,80,1,1,69903
167,1,16,50,0,1,64521
103,1,6,71,0,1,47900
187,2,12,53,1,1,29026
120,1,16,63,0,2,53464
69,3,4,83,0,1,37289
193,0,16,78,1,1,37432
59,2,8,82,1,2,27607
19,2,12,70,1,1,27860
46,3,8,56,0,1,13097
137,1,4,64,0,1,35114
138,2,4,48,0,1,68198
120,1,8,61,0,1,21473
108,1,12,94,1,1,50395
120,3,4,84,1,1,32831
191,2,4,87,1,2,30106
88,1,16,74,1,2,18609
194,1,6,76,1,2,67097
120,3,4,94,0,1,12746
9,3,12,56,1,1,38384
137,1,12,67,0,2,60563
61,3,16,40,0,2,24459
94,1,12,92,1,2,39288
136,2,16,48,0,1,44379
154,0,4,94,0,2,16001
133,3,4,88,1,1,65848
137,0,4,100,0,2,44160
60,1,4,52,1,2,18184
179,1,6,86,1,1,20949
167,1,6,71,0,1,45879
167,0,4,67,0,1,52338
75,1,12,92,1,1,14119
190,3,16,70,0,1,43162
191,2,8,47,1,1,42184
130,2,16,47,1,2,15843
152,3,8,99,1,1,34805
45,2,8,73,1,1,16431
31,0,4,62,1,1,63205
76,1,8,49,1,2,26161
123,1,4,76,0,2,47082
105,1,6,87,1,1,46532
146,0,12,64,0,1,56720
151,0,8,90,0,1,36836
104,0,12,72,0,1,44926
131,3,4,84,1,1,67746
194,0,8,43,1,1,12146
77,2,16,46,0,2,27015
100,3,6,72,1,1,38762
10,3,6,41,0,1,52866
155,3,8,87,1,1,51970
194,0,6,85,1,1,13440
171,3,16,71,1,2,27773
154,0,12,44,0,1,56343
97,0,16,96,0,2,20268
154,3,6,85,0,1,33790
155,1,12,56,1,1,57821
103,1,16,51,1,1,27945
59,3,4,91,0,2,63385
168,1,4,51,0,2,29925
175,2,12,74,0,1,15658
135,2,12,60,1,1,33191
46,0,12,60,0,1,45426
89,1,4,97,1,1,15421
111,2,16,41,1,1,17322
136,3,12,92,0,1,64613
18,1,4,96,1,1,30014
192,2,12,60,1,2,13355
185,2,12,54,1,2,17713
158,3,12,50,1,1,48780
166,0,4,49,0,1,28835
49,3,16,57,1,1,43432
106,0,4,62,0,1,45630
14,2,4,70,1,1,32879
151,0,12,93,0,1,52939
97,2,8,94,1,2,18086
119,2,8,95,0,2,42283
67,1,8,65,1,2,8583
120,0,4,92,0,1,39860
9,0,12,41,0,2,65710
136,0,8,78,0,1,54721
55,3,6,46,1,2,34622
147,1,6,63,1,1,65802
44,1,6,78,0,2,57271
167,1,16,71,1,1,60436
16,3,12,65,0,2,48676
106,0,4,62,0,2,60406
154,0,4,53,1,2,38173
55,0,12,68,1,1,52525
138,1,16,64,1,1,52262
155,1,12,95,1,1,24255
159,2,16,70,1,1,12459
61,3,8,41,1,1,29949
127,3,8,41,0,2,9968
168,1,16,62,0,1,43299
159,2,12,97,0,1,66195
123,0,8,86,1,1,37621
82,1,12,50,0,2,47157
120,3,8,68,1,2,59081
171,3,12,81,1,2,59095
173,3,12,74,1,1,16955
111,0,6,88,0,1,60448
91,3,16,48,0,2,62428
119,0,4,71,1,1,35254
106,0,16,69,0,1,62877
160,0,12,54,1,1,36387
100,1,12,53,1,1,39084
153,0,16,90,0,1,8901
135,2,12,56,1,2,38905
117,3,8,61,1,2,34094
89,1,12,91,1,2,46733
61,3,16,69,1,1,44024
170,0,16,56,0,2,46274
196,1,16,55,0,1,38999
176,2,6,91,1,2,52946
168,0,6,47,1,1,66085
75,3,6,98,1,1,60705
40,2,6,78,0,2,64584
149,0,6,70,0,2,9693
28,2,6,51,0,2,63647
55,0,6,72,0,1,42897
155,1,16,97,0,2,44779
135,0,4,51,1,2,60404
143,1,6,64,0,2,9365
142,0,16,77,0,2,16387
152,0,4,87,1,1,14203
135,3,6,57,0,1,40918
40,2,4,58,1,1,13180
183,2,4,94,1,2,38342
194,2,8,42,0,2,61675
122,0,12,100,0,2,64246
126,0,8,74,0,1,41098
29,0,4,44,0,2,35686
165,1,16,74,1,1,60476
45,1,6,90,1,2,66233
116,3,12,66,0,1,58106
58,0,6,76,1,1,52649
189,2,16,85,1,2,15400
15,2,12,60,1,2,61601
34,3,8,55,0,1,51908
34,2,4,67,1,1,35817
28,3,16,64,1,2,63512
37,0,4,72,1,1,18587
104,2,4,56,0,2,42812
35,0,6,82,1,2,46413
118,1,16,69,1,1,30938
199,2,4,80,1,1,27983
68,1,8,92,1,2,64026
55,2,12,43,1,1,31425
154,0,16,41,1,1,13010
11,3,6,99,1,2,61142
42,0,16,48,0,1,15848
199,0,6,93,0,1,30029
56,0,12,70,0,1,52974
24,2,8,64,0,1,55346
179,3,4,76,0,2,24190
165,1,16,75,0,1,57113
53,0,6,94,1,1,67399
124,2,12,44,0,1,40026
13,1,4,63,0,1,51630
106,0,12,63,0,2,25959
131,1,8,68,0,2,62171
44,0,4,89,1,2,47491
31,1,4,84,1,1,13754
100,1,4,70,1,2,67196
53,3,6,76,1,2,10213
188,3,4,97,0,1,58378
102,0,12,95,1,1,17855
106,2,6,58,0,2,16555
195,3,4,62,1,2,56279
123,1,12,74,0,1,59099
198,3,12,93,0,1,13544
167,3,16,89,1,1,29137
168,0,12,45,1,2,44400
74,3,8,45,1,1,13588
135,3,4,95,1,2,68825
25,1,4,76,1,2,47426
32,3,4,69,1,2,33850
61,1,12,40,1,1,17637
65,3,12,47,0,2,12827
74,3,4,67,1,2,35533
111,2,6,64,0,2,46906
181,3,6,72,0,2,19648
31,1,8,92,1,1,46747
121,1,16,99,0,2,23738
39,0,8,77,1,1,21539
182,0,4,91,0,1,18357
93,2,4,53,1,2,33585
158,1,4,50,1,2,62538
134,1,16,41,1,1,23594
162,1,12,92,1,1,46055
137,2,16,69,1,1,51779
24,1,8,69,0,1,56033
111,0,12,43,1,2,67072
168,2,12,52,1,2,49655
144,0,8,46,0,2,12617
50,0,12,77,1,2,59536
183,2,6,42,0,1,50342
46,3,8,48,1,1,18687
177,3,8,53,0,2,14796
33,0,6,91,1,2,60757
106,3,16,50,1,2,67191
57,1,16,76,0,1,47801
160,2,16,53,0,2,67072
159,0,12,58,0,1,14747
20,1,6,47,0,1,54176
67,3,8,98,0,1,65996
142,1,8,46,1,1,15936
64,3,8,98,1,2,40293
43,0,12,98,0,1,25142
180,1,12,46,0,1,42047
27,2,16,95,0,2,57593
72,0,12,94,1,2,20696
15,1,16,42,1,1,21097
151,1,16,42,0,2,14228
149,3,8,57,1,2,68832
122,0,12,84,0,1,56056
150,0,16,72,1,2,64868
99,0,6,76,0,1,36149
105,0,6,67,0,1,61345
73,3,12,75,1,2,22141
39,2,8,55,1,2,28354
198,0,8,54,0,2,53597
93,3,16,68,0,1,9526
58,2,12,98,1,2,40958
160,2,6,57,0,1,9873
193,3,16,88,0,2,15958
70,0,16,85,0,1,19207
197,2,4,85,0,2,15368
132,0,12,58,0,1,15489
157,0,16,68,0,2,48636
65,1,6,45,1,2,32833
65,0,4,84,1,2,16346
93,1,6,89,0,2,68335
56,2,8,97,0,2,46374
187,3,4,86,1,1,53053
177,1,4,100,0,1,28286
77,3,16,94,1,2,51235
22,2,8,66,1,1,47428
61,0,16,46,0,1,68926
195,2,12,66,0,2,65237
108,3,6,58,0,2,53129
15,2,6,56,1,1,26796
60,0,16,80,1,1,57175
67,2,6,50,0,2,55566
115,0,6,44,0,2,63776
12,1,12,41,0,2,48726
110,3,8,86,1,1,58893
13,0,4,95,0,2,11160
116,0,16,51,1,1,36181
123,2,16,81,0,2,11371
101,1,12,81,0,2,67435
54,0,12,91,1,1,50020
106,1,4,50,1,2,54553
62,1,8,49,1,1,44119
175,2,16,67,1,1,41228
59,0,12,46,1,1,54248
151,2,16,53,1,2,10117
20,3,6,52,0,2,14356
121,3,16,44,1,2,42374
131,0,8,100,0,1,40839
113,1,8,90,0,2,53883
165,0,16,81,0,2,38899
154,0,6,47,1,2,14351
152,3,8,89,1,2,20464
127,3,12,40,0,2,8706
70,1,16,44,0,1,23660
26,1,6,50,0,2,26312
99,0,12,91,1,2,10798
65,2,16,82,0,2,33753
190,0,6,87,1,1,49113
97,1,12,49,0,2,57181
124,2,8,54,1,1,37722
69,3,16,78,1,1,29455
30,1,16,86,0,2,11311
134,1,8,68,1,1,69170
144,2,4,64,0,1,63939
147,1,12,87,0,1,37362
136,1,8,45,0,2,59026
65,1,16,50,0,1,55201
129,1,12,56,0,2,49196
8,1,12,54,1,2,56974
41,1,4,55,0,1,34761
103,1,16,95,1,1,20917
133,1,6,41,0,1,49577
125,3,4,75,0,2,25955
55,1,4,58,1,2,64365
96,3,6,77,0,1,38311
124,3,6,89,0,1,26821
136,0,4,60,1,2,31915
23,0,12,50,1,2,69799
196,3,8,80,0,2,57733
199,3,8,42,0,1,59406
198,1,4,73,0,1,46620
76,0,12,57,0,2,41368
29,2,6,54,0,2,17170
100,0,4,64,0,1,16706
83,3,16,93,0,2,25193
161,3,12,89,0,1,43253
151,1,16,90,0,2,15398
186,1,16,54,1,2,25830
93,0,4,69,1,2,24852
192,1,12,56,0,2,25013
36,2,16,57,1,1,27766
76,2,12,70,1,2,14538
54,1,8,89,0,2,40881
101,2,16,82,1,1,58377
197,2,16,57,1,1,55645
151,0,12,94,1,1,29867
183,2,8,74,1,2,20534
92,3,16,52,1,1,26000
46,3,4,53,0,2,44085
107,0,12,98,0,1,31735
40,1,12,75,1,2,31964
108,0,16,57,1,1,63568
30,1,8,44,1,1,61792
17,1,16,53,0,1,13733
76,1,6,64,1,2,35246
107,1,16,83,0,2,62770
41,1,6,96,1,1,29197
187,0,4,78,1,2,21065
145,1,12,51,0,2,68412
154,2,12,79,0,2,43305
193,2,8,100,0,2,55318
103,1,16,92,1,2,27558
8,2,4,92,1,1,65126
76,3,6,67,0,2,67981
11,0,8,74,1,1,26606
23,0,4,93,0,1,48789
31,1,4,40,0,1,8051
87,1,6,42,1,2,26728
9,3,6,82,1,2,22299
135,1,12,89,1,1,34798
167,2,16,46,1,1,29448
91,3,8,48,1,1,30870
159,2,16,75,1,1,30214
147,0,8,62,1,2,61847
185,2,4,63,0,1,12266
170,0,6,49,0,1,19300
131,2,6,89,1,2,9658
40,0,4,94,0,1,31752
168,1,4,87,0,2,62335
196,2,8,100,0,1,36133
186,0,4,51,0,2,20742
178,2,8,58,1,2,24059
108,3,16,71,0,2,21720
19,1,6,63,0,1,66230
74,0,6,61,1,2,35629
72,3,6,42,0,1,18994
168,2,16,79,0,2,67541
175,3,16,66,1,2,30005
81,2,12,100,0,2,28394
50,1,8,58,1,1,8635
51,3,8,48,1,2,19206
36,1,12,98,1,2,52845
148,0,6,90,0,2,30805
19,2,8,88,0,2,67426
102,2,8,52,1,1,56752
53,1,6,41,1,1,57326
137,1,4,75,1,2,33632
42,0,4,68,0,2,67092
88,3,12,50,0,2,68106
97,2,16,73,1,2,19660
15,2,8,43,0,1,34877
100,0,8,43,0,2,16759
161,0,12,91,1,2,53378
97,1,12,40,0,1,46924
169,1,8,64,0,2,55153
122,3,6,65,1,2,67127
112,0,6,50,0,1,56360
142,3,16,62,0,2,39672
65,0,8,41,0,1,56097
121,2,8,58,1,2,32091
82,0,8,68,0,1,39335
164,0,8,79,0,1,15009
127,2,12,94,0,2,10143
171,0,4,91,0,2,37014
28,3,8,43,0,2,47767
171,1,4,96,1,2,67584
145,1,6,55,0,1,51518
108,3,16,86,1,2,25858
159,2,6,76,0,2,62396
199,0,8,100,1,2,31632
184,3,6,66,1,1,28486
106,1,12,44,0,1,8329
43,1,4,54,1,1,20370
103,3,8,62,0,1,21847
159,1,12,88,1,1,39624
158,3,4,42,0,2,59825
197,1,12,57,0,2,12622
44,3,6,82,0,2,46000
19,0,8,65,0,1,63735
120,0,6,45,1,2,58041
190,0,16,98,0,1,32405
20,0,8,83,0,1,33337
30,1,6,93,0,1,66367
106,2,8,97,1,1,9680
112,3,4,56,0,1,55122
37,2,8,85,1,2,55112
24,1,8,77,1,2,46719
120,1,4,81,0,2,35832
69,2,6,87,1,2,66405
91,2,8,89,0,1,14866
119,1,12,66,1,2,33479
93,1,8,59,0,2,57285
148,3,6,45,0,1,63216
194,0,4,90,0,1,25509
26,0,6,74,1,1,50924
184,3,16,51,1,2,54228
107,2,8,87,1,2,59191
147,1,8,42,1,2,12188
196,2,4,87,0,1,43617
154,0,8,43,0,1,35787
83,0,12,96,1,1,11366
16,2,12,91,1,1,60063
35,0,6,84,1,1,21061
135,1,4,43,1,1,23952
59,3,16,43,0,2,26975
90,2,6,78,0,1,12283
118,1,4,60,0,1,67527
151,1,4,83,1,1,28645
124,0,6,41,1,1,19740
76,1,6,55,1,1,64286
106,2,8,46,1,1,41012
147,1,16,58,0,1,13128
32,3,12,82,0,1,54515
187,1,8,72,1,1,17371
130,1,4,48,0,2,29309
60,3,16,76,0,2,63983
158,1,16,97,0,2,58930
151,1,6,56,0,2,63462
64,0,16,66,1,1,35111
46,2,16,72,0,2,16628
116,0,4,88,0,2,18462
188,2,8,51,0,1,30718
49,3,16,96,0,1,46674
193,3,6,84,1,1,67168
174,3,8,95,0,1,39295
149,2,6,50,0,2,49753
129,2,16,52,1,1,36844
140,2,8,70,1,1,66624
170,3,16,52,1,1,34314
82,2,4,77,1,2,65793
153,1,8,65,1,2,15668
83,0,6,70,1,1,9954
16,3,4,61,0,2,22412
81,0,12,45,0,1,16806
193,1,6,59,1,2,69665
152,2,16,60,0,1,64545
14,0,6,49,0,2,66082
181,1,12,58,0,2,26015
148,1,6,74,0,2,29420
175,0,4,65,0,1,20363
177,3,6,46,1,2,60817
144,0,8,76,0,2,49028
185,3,12,47,0,2,18066
34,2,6,44,1,1,55518
129,3,12,83,0,2,14874
12,2,4,75,0,1,39081
36,0,8,90,0,1,25253
172,2,16,67,0,1,50353
173,1,6,89,0,1,19662
90,2,4,42,0,1,22125
143,3,12,78,1,2,60343
116,3,12,47,0,1,27503
72,3,4,54,1,2,59267
93,2,6,92,1,2,23698
152,3,16,66,0,1,64404
78,3,6,88,0,1,69309
52,1,8,90,0,1,23271
139,2,6,75,1,2,8376
43,1,8,55,1,2,38080
77,3,12,65,1,2,51283
166,3,8,84,0,2,68159
26,3,16,100,1,2,26325
196,2,4,83,0,2,23285
115,0,8,43,0,2,8204
189,3,6,51,1,2,33320
174,3,8,56,1,2,19328
98,3,12,97,0,1,15054
97,3,8,80,1,2,63100
26,2,16,83,1,1,64398
46,0,8,65,0,1,34125
133,0,16,70,1,2,28804
180,0,6,54,1,2,26809
148,3,12,91,0,2,35440
133,3,4,73,0,2,28357
65,0,6,68,1,2,53736
155,0,6,48,1,2,25054
68,3,4,53,1,1,60569
134,3,8,75,0,1,11065
112,1,8,43,1,2,42495
174,1,8,98,0,1,13976
8,1,12,77,0,1,39154
138,0,6,95,0,1,28410
99,2,16,76,0,1,65014
197,3,4,99,1,1,68276
198,1,6,63,1,1,23737
120,2,8,56,1,2,46832
160,3,4,52,1,1,44582
63,2,16,59,1,1,9703
168,0,6,56,0,1,68430
173,0,6,90,0,1,15621
124,0,12,66,1,2,68608
141,1,6,94,1,1,21544
65,3,6,72,1,2,15430
51,0,16,60,1,1,61693
180,1,16,56,0,2,40821
167,1,4,61,1,1,57843
180,1,8,64,0,1,46834
68,1,16,42,0,1,20291
54,0,4,66,1,2,49216
156,1,6,66,0,2,60584
87,0,4,85,1,2,41601
125,0,4,51,0,2,56367
171,1,4,54,0,1,51489
154,0,4,77,0,1,13794
27,3,16,59,0,2,40749
192,3,8,61,0,1,39180
153,2,4,41,1,1,68240
54,3,12,43,0,1,17353
56,0,6,84,1,2,27906
21,0,6,52,1,2,54403
150,3,6,94,0,1,65816
166,1,6,71,1,2,30244
8,1,6,98,0,2,26410
124,0,4,61,1,2,17829
61,1,8,64,1,2,44316
125,2,12,66,0,1,67584
10,2,16,94,1,2,67698
151,3,12,56,1,2,56669
192,3,16,45,1,1,56934
19,1,16,82,0,2,21046
81,0,12,90,1,1,58057
23,3,4,55,1,1,30748
109,2,6,47,0,2,55275
159,3,4,100,1,1,9183
163,3,6,72,0,1,18411
124,2,8,49,1,2,52604
15,0,16,73,1,2,41856
129,3,12,58,1,2,41960
99,3,8,53,0,1,59280
171,3,6,42,1,1,39478
97,1,4,94,0,1,13387
143,3,12,100,0,1,60603
193,2,16,95,1,1,69185
67,0,8,80,1,1,55176
185,0,16,62,0,2,41099
35,2,6,79,1,1,50171
108,1,16,50,1,1,58200
48,2,4,86,1,2,20280
199,0,8,45,1,1,10275
162,2,8,73,0,1,46005
198,1,4,40,1,1,54187
152,0,16,74,0,2,14385
168,1,4,64,0,2,58786
164,2,12,68,0,2,68949
148,3,4,62,0,2,15648
53,2,16,57,0,1,41270
42,1,4,53,0,1,11569
141,2,6,56,0,2,50039
89,3,4,41,1,1,48084
122,1,4,70,1,1,33910
54,2,16,58,0,1,29031
160,1,12,71,1,2,61170
17,1,12,93,1,1,12216
63,0,16,67,1,2,13891
37,0,16,80,1,1,51033
116,1,16,47,0,1,69398
12,2,6,81,1,2,62383
126,2,8,80,0,2,39600
40,2,4,98,1,1,24315
125,3,16,98,1,2,32598
72,1,16,79,0,2,32232
153,1,16,78,0,1,34425
184,3,12,61,0,2,64583
18,1,16,63,1,2,18355
92,1,4,77,1,2,8479
33,3,16,41,1,2,26738
70,0,4,100,0,2,22566
93,1,6,80,0,2,68092
66,3,8,80,0,1,51499
34,2,12,58,0,2,62016
184,0,4,80,0,2,58295
168,2,6,41,1,1,43101
105,1,8,67,0,2,62235
112,0,8,71,0,2,65104
106,3,8,58,1,1,31958
136,1,4,55,0,1,55993
156,3,6,69,0,2,29655
62,0,16,61,0,2,59797
13,2,6,53,0,1,29828
102,1,6,91,1,2,55960
140,1,6,95,0,2,46835
109,3,4,40,1,1,57990
10,0,4,84,0,1,64565
188,3,4,93,1,1,67193
30,0,6,41,1,2,48959
60,1,4,61,0,1,53973
172,0,8,85,1,2,35962
90,1,4,72,1,1,45803
152,0,12,54,1,1,19044
92,2,4,89,0,2,10209
85,0,4,80,1,1,17584
117,2,4,61,1,2,19448
8,0,4,79,1,2,62200
58,0,12,78,0,2,9959
180,3,16,80,0,2,8275
11,3,4,80,1,2,29008
197,1,8,50,1,1,34035
200,3,12,43,0,1,68675
120,0,16,46,1,2,66302
39,3,4,60,0,2,42609
41,0,16,46,1,2,20251
99,2,8,43,1,2,28529
102,0,12,51,0,1,23631
79,1,12,97,0,1,21546
46,2,16,66,1,1,55687
161,1,4,98,0,1,38524
169,1,6,56,1,1,13675
189,1,12,59,1,1,64209
125,3,6,70,0,2,65333
10,1,12,100,1,1,19569
130,2,4,65,1,1,51484
57,0,4,70,0,2,57639
19,1,12,74,1,2,59279
200,2,16,48,1,2,46173
61,1,4,44,1,2,63856
140,0,4,91,1,2,48033
64,2,8,87,0,1,46365
152,2,4,47,1,2,42708
119,0,8,60,1,2,51413
54,2,4,55,1,2,36590
158,0,4,90,1,1,19989
92,2,16,55,0,2,48503
149,2,16,57,0,2,45118
73,0,4,86,0,1,41727
82,0,12,95,1,2,56795
186,2,12,67,1,1,47398
110,2,4,57,0,1,46560
173,0,12,53,0,2,39937
199,3,4,95,1,1,43331
45,0,16,87,0,2,41231
57,2,6,76,1,2,18128
105,2,8,79,1,2,32055
89,2,12,55,1,1,36707
37,0,12,60,1,1,65359
86,2,16,40,1,1,36646
98,3,12,99,1,1,41686
186,1,4,100,1,1,46855
198,3,4,50,1,2,38584
59,0,6,50,0,2,39368
173,2,6,41,0,2,9613
86,0,6,71,0,1,17014
37,1,4,93,0,1,10120
113,0,6,58,1,1,11391
58,2,6,95,0,2,18158
88,1,4,44,0,2,39988
140,1,16,42,1,1,42649
36,2,12,67,0,2,49699
139,2,8,65,0,1,31746
145,2,4,62,0,2,21045
191,0,4,69,0,1,62153
152,3,8,47,1,1,52026
81,0,8,75,0,2,48024
24,0,6,68,0,2,11843
91,3,8,52,0,1,66141
76,2,12,98,0,2,14129
41,2,12,64,1,2,11210
13,3,12,61,1,2,34162
60,3,12,85,0,1,52690
133,0,12,72,1,2,17969
50,1,6,76,1,2,46284
122,3,4,92,1,2,56056
118,0,8,46,1,2,43299
158,1,4,62,0,1,18626
190,2,8,45,1,1,62639
87,2,6,54,0,1,36493
102,0,6,54,0,2,28937
125,0,16,79,0,1,51429
151,3,16,73,0,2,26663
15,2,6,53,0,1,39258
139,0,6,68,0,1,17559
111,2,8,55,0,2,51727
139,2,6,68,0,2,15305
191,3,4,62,0,2,33973
32,1,8,49,0,1,29940
103,3,6,86,1,2,40922
162,0,8,94,1,2,52146
100,3,8,43,1,2,66459
167,3,12,51,0,1,21657
185,2,16,81,0,2,60817
68,3,8,73,0,1,68940
129,0,8,43,0,1,63879
58,1,12,59,0,2,25498
154,3,6,67,1,2,8699
28,3,8,67,1,2,15565
12,1,12,45,0,2,53160
99,0,4,53,0,1,64107
177,0,12,94,1,2,15109
68,3,16,74,1,2,16787
29,2,16,86,1,1,58165
156,3,6,97,0,1,33115
77,1,6,40,0,2,23638
8,1,16,58,0,2,8011
140,1,16,96,0,2,18135
19,3,8,40,1,2,48242
97,3,16,52,1,2,28843
53,0,6,47,0,1,8661
41,2,16,57,1,1,54397
184,3,6,93,0,1,61785
85,0,4,74,1,2,15381
52,3,16,62,0,2,69753
162,0,6,89,1,2,29958
80,0,12,91,1,2,17614
33,2,8,65,1,1,13871
54,3,6,80,0,1,66589
128,0,16,77,1,2,8579
63,1,16,59,0,2,32837
101,1,4,41,0,2,57647
114,1,12,65,1,1,55726
70,2,6,96,0,1,44993
55,0,12,75,0,2,21470
68,2,4,64,0,2,21079
88,3,8,69,0,1,23650
33,3,12,57,1,2,30318
43,0,4,46,0,1,21854
8,1,6,66,1,2,10136
15,0,8,50,0,1,13063
120,0,16,76,0,2,62603
106,0,4,47,0,1,65973
187,2,16,50,0,1,33081
54,3,8,63,0,2,31681
134,0,4,69,0,1,24590
63,0,4,69,0,2,52391
21,0,8,91,0,1,43898
35,2,6,100,0,2,23455
85,2,4,91,1,2,26238
137,2,8,54,1,1,62730
116,0,12,95,0,2,46032
161,1,16,74,0,2,48245
21,1,4,78,0,2,26044
194,1,12,63,1,2,65236
63,3,4,47,1,1,35157
122,0,6,82,1,1,48316
14,1,8,81,0,2,23712
10,1,4,59,0,1,12979
118,1,8,80,1,2,45814
158,0,4,86,0,2,16476
114,1,6,65,0,2,41486
25,1,6,91,1,1,69332
45,0,12,63,0,2,49461
122,3,6,61,1,2,24641
22,2,8,44,1,1,38711
199,1,6,54,0,2,62057
126,2,4,75,1,1,55155
35,3,6,76,0,1,26981
46,3,8,68,1,1,50882
192,1,4,54,0,2,48780
24,0,12,66,0,2,66583
93,3,12,88,0,2,56573
133,2,12,94,0,2,35870
51,2,4,47,1,2,31182
32,2,12,99,1,2,43781
152,2,6,96,0,2,62376
20,3,4,68,0,2,29001
32,1,4,58,0,2,62216
75,1,4,70,1,2,22065
145,2,16,48,1,2,37672
74,1,8,49,0,2,8887
116,2,16,76,1,1,52414
153,2,16,49,0,1,31665
118,0,16,93,1,2,8744
118,3,8,72,0,2,31620
41,3,16,64,0,1,27820
118,2,12,96,0,1,29547
15,3,4,93,1,2,9704
175,1,4,95,0,2,65554
120,2,6,43,1,2,55379
90,0,12,92,1,2,12064
49,1,8,44,0,2,45994
176,0,4,62,0,1,59108
108,0,16,78,0,2,18718
13,3,6,94,1,1,58854
187,3,6,44,1,1,55308
33,2,4,91,1,2,12214
71,3,12,47,1,2,33061
194,0,6,56,1,1,67500
191,0,4,40,1,2,59653
66,1,12,93,1,1,19502
116,0,4,89,0,1,45895
128,2,4,51,0,2,61759
40,2,12,74,0,2,50026
188,3,12,91,1,2,40137
157,3,12,53,0,1,54888
28,3,4,87,1,1,69571
77,2,6,57,1,1,56845
119,0,8,49,1,2,18007
11,3,8,94,1,1,51758
101,1,4,54,0,2,56916
82,3,4,81,1,2,47305
197,2,6,72,0,1,36205
69,3,12,58,1,2,61208
101,0,4,73,0,1,57349
102,3,16,84,1,2,48399
159,2,12,64,1,2,39864
62,2,4,55,0,1,35947
144,1,16,47,0,2,53275
138,2,6,74,0,1,12963
38,1,16,60,1,2,65120
47,0,4,58,1,1,55197
43,2,8,85,1,1,58467
159,3,4,50,0,2,30680
13,0,8,100,0,2,67916
73,3,6,83,0,1,32486
82,3,6,50,1,1,39438
11,3,12,99,1,1,29246
86,0,12,50,0,1,66525
141,0,8,61,1,2,11341
125,2,8,60,1,2,55921
120,3,6,66,1,2,15747
101,1,16,57,0,2,16448
186,2,8,81,0,2,18940
69,0,8,87,0,1,43330
192,1,16,79,1,1,23596
86,0,12,77,0,2,38627
143,1,12,69,0,2,26051
33,2,8,90,1,1,30698
186,1,12,84,1,2,14413
180,2,12,86,1,2,27032
51,0,12,84,1,1,13734
140,1,6,72,0,2,49596
77,3,4,60,1,2,38786
161,3,8,99,1,2,68166
125,0,8,98,1,2,65351
75,1,6,41,1,1,25963
26,3,4,52,1,2,31999
27,2,4,41,1,2,24518
120,1,6,96,0,1,36407
147,1,16,82,0,1,37501
54,3,16,84,0,1,44888
8,2,4,70,0,2,43280
97,2,16,49,1,1,63257
149,2,16,62,1,1,37045
71,1,16,61,1,2,34819
45,0,4,86,0,1,31231
44,1,16,68,1,2,32432
133,1,8,72,1,2,63697
146,3,4,70,1,2,34745
107,0,6,53,1,1,37443
84,2,16,49,0,2,63184
10,3,12,57,1,1,69998
168,1,4,50,1,1,52917
141,0,6,78,1,2,42000
185,2,8,86,0,2,52332
17,2,6,42,1,1,38296
12,1,16,41,1,2,49913
158,2,12,93,1,1,50498
145,2,16,47,1,1,58059
179,0,6,70,1,1,57114
137,3,4,47,1,1,67024
20,0,12,82,1,1,34485
175,3,12,87,0,1,13653
137,3,6,41,0,2,45926
91,3,16,61,1,1,63078
72,2,6,99,1,1,12089
70,0,12,44,0,2,33194
108,2,6,46,0,2,64931
80,1,12,59,0,1,63055
24,0,16,67,0,1,51748
16,3,4,52,1,1,64242
150,2,4,41,1,2,34485
159,2,6,71,1,1,59996
45,0,12,65,1,1,45069
170,0,4,42,1,2,53638
101,3,12,80,0,2,66040
102,3,16,81,0,2,22747
56,1,6,95,0,1,35980
76,3,12,52,0,2,45071
69,2,6,96,0,1,49364
195,1,12,60,1,2,35011
185,1,12,84,0,2,34086
85,1,16,76,0,1,31933
124,0,6,62,1,1,12962
127,3,8,46,1,2,51278
144,1,12,56,1,1,53048
169,0,12,67,1,1,67828
83,0,4,86,1,2,8857
42,1,6,69,0,1,36305
8,1,8,44,1,1,59544
47,2,16,63,1,2,69412
71,1,8,46,0,1,47539
157,2,16,98,0,1,48327
67,1,8,73,1,1,61434
71,1,8,95,1,2,24403
100,3,6,89,0,1,62609
79,1,4,81,1,1,10420
18,1,8,72,1,1,19218
112,2,12,98,1,1,48691
21,2,12,66,1,1,24450
67,3,12,53,1,2,38134
37,1,4,98,0,1,11133
42,1,8,58,0,2,68901
172,2,16,87,1,1,41553
12,0,16,90,1,2,55054
90,0,6,77,0,1,63917
130,0,4,51,0,2,48503
85,2,8,42,0,1,59284
161,2,12,46,1,1,66773
69,0,4,95,0,1,24135
139,0,4,74,1,1,58570
96,1,8,64,1,2,11690
49,2,6,88,1,1,42315
96,2,6,54,1,1,53231
153,0,6,58,1,1,24742
47,0,12,99,0,1,55934
79,3,12,58,0,2,9562
46,2,8,62,0,1,12386
111,3,6,50,0,1,26561
21,1,8,98,1,1,60962
39,3,6,60,0,1,41246
186,0,4,91,0,2,25031
132,2,16,73,0,1,63827
173,2,16,78,0,2,8263
104,3,6,90,0,1,31486
30,3,8,46,0,2,65155
70,1,12,81,1,2,44510
150,1,6,83,1,1,14646
160,0,6,94,0,1,39903
152,0,12,66,1,1,19148
60,0,6,89,1,1,56981
111,3,4,62,1,2,34137
111,3,12,77,1,2,45968
186,2,4,97,1,2,34012
46,0,16,59,0,2,55578
186,3,12,66,1,1,23223
141,2,12,92,1,1,26389
74,0,8,99,0,2,22353
142,1,8,47,1,1,60292
186,1,12,76,1,2,33483
49,3,16,42,0,2,40897
199,2,6,41,1,2,49897
22,1,8,61,0,1,28102
118,2,16,45,1,2,25198
164,2,16,78,1,2,36538
40,1,8,79,0,2,13849
162,2,6,75,1,1,35957
171,1,8,83,0,1,62758
164,3,16,63,1,2,8014
45,0,4,51,1,1,21807
192,0,8,56,1,1,18229
104,3,16,61,1,1,62457
162,1,8,93,0,1,11488
190,1,16,58,1,2,54062
40,1,6,48,1,2,33282
93,1,16,51,0,2,41470
73,3,12,99,0,2,61993
17,0,4,71,0,1,14575
12,2,16,92,1,2,56193
130,2,8,70,0,1,56208
81,0,8,56,0,2,22272
104,3,16,62,0,2,61283
125,2,12,49,0,1,61994
45,0,16,69,1,2,30544
148,3,6,58,1,1,63809
166,2,12,65,1,2,22368
54,1,16,65,0,2,47260
116,1,4,50,0,1,13499
187,3,12,59,0,2,26939
191,1,16,93,1,1,37317
22,3,4,95,0,1,19178
164,0,16,84,0,2,11939
143,0,6,43,1,2,62103
12,2,8,86,1,1,60490
164,3,16,51,1,2,65860
54,2,12,64,1,2,57949
75,2,16,95,1,1,38601
83,0,16,97,0,1,33060
180,2,16,49,0,2,23706
137,1,16,61,0,1,11674
162,2,12,46,1,2,35287
102,3,12,63,1,2,49402
122,1,16,41,1,2,63673
171,0,8,71,1,1,42421
43,3,16,60,0,1,66357
33,1,12,100,0,2,17154
50,3,6,46,0,1,65916
34,1,16,47,0,1,53413
76,3,16,92,0,1,31065
155,3,16,90,0,1,53676
18,1,16,77,0,1,63151
81,0,4,60,0,2,34406
111,0,16,47,1,1,56337
45,3,12,96,0,1,20034
141,3,12,64,0,1,37477
30,0,4,67,1,2,37737
54,0,16,67,1,2,8815
97,2,8,93,0,1,38296
53,0,16,70,0,2,69015
114,3,12,91,1,1,47735
147,1,6,75,1,2,51496
148,0,6,64,1,2,58362
111,2,8,91,0,1,60286
197,2,16,95,1,2,62607
118,2,4,80,0,1,24938
111,1,16,76,1,1,43560
67,0,8,100,0,2,30249
178,0,8,77,1,2,46986
107,0,8,90,0,2,47676
75,1,6,51,1,1,37496
140,1,16,76,1,1,21460
127,3,16,76,0,1,20254
44,2,4,70,0,2,19957
79,2,8,57,0,2,45070
134,0,8,65,1,2,15852
113,1,12,45,1,2,9264
99,1,12,48,1,1,31203
38,0,6,50,1,2,55678
129,0,16,70,1,1,49853
144,3,4,94,0,1,56362
58,2,4,85,0,1,18364
36,2,8,95,1,2,26688
47,2,4,41,1,2,35739
48,3,8,98,0,2,56834
18,0,16,68,1,2,44726
158,0,4,85,0,2,23566
8,2,8,96,0,2,46304
53,2,16,90,0,2,36959
108,3,16,81,0,2,33814
156,1,8,44,0,2,24057
97,1,8,62,1,2,22973
117,2,6,75,0,2,26201
171,3,16,46,1,2,57918
189,2,8,95,0,2,51519
64,1,16,52,1,2,57724
8,2,4,81,0,1,61615
70,1,12,49,1,1,54480
189,1,12,75,1,1,46088
62,1,8,55,0,2,32132
122,0,8,54,0,1,51292
175,0,16,92,0,2,67454
150,2,8,82,1,2,37317
156,1,16,58,0,1,57902
182,0,8,60,0,2,27195
60,2,16,95,1,2,61608
144,2,8,74,0,2,31738
187,2,6,54,0,2,27938
64,2,16,87,1,1,10418
124,2,6,53,0,2,45908
161,3,6,68,1,1,62188
176,1,6,44,0,1,10988
42,2,6,97,1,2,41622
70,3,4,88,1,1,43618
32,1,12,57,0,2,11379
97,0,4,90,1,2,38765
82,2,8,40,0,1,8193
45,3,8,100,1,1,54136
137,0,12,66,1,1,34153
142,3,12,99,0,2,50440
169,1,12,66,0,1,37004
98,1,6,64,0,1,33322
24,0,4,80,1,1,62113
135,3,8,60,0,2,19279
178,2,4,53,1,2,61892
194,2,4,91,1,1,30016
115,0,4,92,0,1,23079
186,0,12,59,1,1,32725
189,0,12,67,0,2,15983
159,3,8,60,1,2,64301
32,2,8,62,0,2,30137
187,2,8,50,1,2,20057
95,2,4,95,1,2,29281
168,0,12,41,0,1,53937
184,2,6,59,1,1,47737
36,1,4,63,1,2,29716
70,0,16,94,1,2,14534
157,2,4,64,1,1,67672
161,3,12,76,1,1,48888
163,0,16,61,0,1,50635
121,1,4,98,0,1,46558
56,1,12,63,1,1,57134
88,3,12,54,0,1,67930
91,3,6,51,0,1,34965
112,0,4,85,1,1,25057
184,0,12,70,0,1,44469
155,1,8,82,1,1,25744
125,3,12,70,0,1,19258
93,0,6,92,1,2,52106
70,1,12,69,1,2,19809
196,3,4,80,1,2,11067
111,1,4,59,1,1,34738
56,2,16,47,0,1,42212
78,3,4,83,0,2,20217
8,0,16,69,1,2,67504
148,0,8,74,0,1,29871
186,2,6,60,1,1,13179
130,3,8,86,1,1,11353
191,1,16,79,0,2,63532
69,0,12,97,1,1,31165
39,2,12,67,1,1,30444
165,2,8,78,0,1,64364
36,3,12,56,1,1,13919
56,3,16,51,1,2,63012
180,0,6,91,0,2,23556
37,2,4,89,0,1,21011
151,1,16,57,1,2,55602
175,2,16,100,0,2,54662
26,1,4,86,0,1,26154
25,1,4,94,0,2,30294
8,0,6,67,0,1,20736
85,2,6,99,0,1,50662
122,1,6,42,0,2,24578
182,3,12,90,1,1,21996
120,1,16,54,1,1,33150
121,3,4,55,0,1,35205
173,3,16,61,0,1,63006
186,2,16,93,0,2,30298
70,3,6,88,1,1,38556
139,1,6,70,1,2,61838
136,3,16,70,1,2,45411
15,2,6,40,1,2,32964
164,0,12,50,0,1,65026
62,1,4,45,0,2,21746
110,1,16,62,0,2,42520
138,2,4,48,0,2,55903
39,2,12,91,0,2,41428
17,2,6,55,1,2,29999
117,2,8,97,0,2,43600
169,1,12,77,1,2,38361
131,0,8,83,0,1,53589
94,3,4,58,0,1,16488
62,3,16,84,1,2,46381
39,0,6,52,1,2,31354
185,0,12,98,0,1,64022
142,0,6,71,1,2,24714
100,2,8,75,1,2,14777
15,1,8,48,1,1,20041
72,1,16,85,0,2,21142
64,1,8,85,0,2,33860
74,2,16,88,0,2,17270
194,1,12,76,1,2,46169
79,2,16,70,1,1,64067
61,1,8,70,0,2,66218
74,0,4,98,0,2,11866
58,3,16,94,1,1,21029
104,3,6,58,0,1,46881
99,2,4,41,0,2,51645
15,1,16,84,1,2,67833
169,3,6,71,1,2,64578
42,0,4,82,0,2,42353
103,0,16,73,1,2,52767
95,0,12,40,1,2,10940
85,2,6,60,0,2,22105
39,2,12,100,1,1,63441
127,1,8,42,1,1,37062
53,0,16,66,0,2,37044
151,1,16,83,1,2,54476
172,1,6,46,1,2,30789
189,0,16,72,0,2,21218
149,1,8,48,1,2,25886
62,3,16,69,0,2,25129
183,2,4,57,0,1,43380
14,1,12,95,1,1,9508
81,0,8,65,0,2,9770
14,2,8,59,0,2,19971
168,2,12,77,1,2,42729
158,1,12,80,0,1,17787
92,3,8,94,0,1,48519
154,1,12,70,1,1,67877
119,3,6,47,0,2,11658
132,2,12,62,0,1,31361
154,1,4,89,1,2,30993
43,0,4,64,1,2,8465
36,1,6,86,0,2,26453
195,3,12,40,0,2,59595
89,3,4,85,0,1,33808
9,1,16,57,1,2,21874
136,3,12,58,0,2,49104
54,2,6,90,1,1,30947
155,1,12,81,0,2,48284
18,3,8,91,0,2,67696
137,1,8,92,1,2,67151
126,1,4,45,0,1,27432
147,0,8,56,1,2,12042
27,1,6,85,1,2,28523
12,0,4,84,0,1,12202
44,3,6,47,0,2,46892
173,0,6,93,1,2,53205
144,0,8,81,1,2,15773
60,0,8,48,1,2,25671
179,2,6,76,0,1,16301
106,0,8,94,0,1,37421
93,1,8,66,0,2,48271
115,0,8,75,0,1,22574
31,1,12,45,1,2,40629
88,0,6,45,1,2,61971
165,2,16,84,1,1,59942
127,3,6,43,0,2,36999
66,0,4,61,0,2,41629
135,0,8,79,0,2,38108
121,2,8,66,1,2,16652
122,0,16,76,1,1,25488
21,1,4,41,1,1,46142
16,0,12,48,1,1,25127
47,0,6,50,0,1,26794
32,3,12,59,0,1,36368
110,3,4,91,0,2,54536
29,0,16,82,1,1,12993
11,2,4,78,1,1,16634
161,3,16,97,1,2,9833
193,0,12,53,1,2,41653
36,3,12,65,0,2,23319
116,0,4,77,0,2,11604
105,3,4,69,1,2,13357
44,3,8,75,0,1,24257
82,1,16,77,1,1,36932
77,0,8,74,1,1,69719
153,0,6,94,1,2,64241
135,0,6,45,1,1,27605
92,0,4,42,1,2,49111
49,3,12,40,0,1,64089
107,1,6,99,0,2,9596
48,1,6,97,0,1,67015
173,2,8,92,0,1,56139
41,0,8,97,0,2,38733
24,2,6,57,0,2,50494
172,3,4,62,1,2,17757
160,2,8,71,1,1,17142
129,0,6,68,0,2,19106
83,1,12,62,1,2,26876
94,1,8,75,1,2,33917
124,0,6,45,1,1,39518
113,3,16,56,0,2,66075
93,0,8,57,0,1,12333
34,3,16,70,0,1,41306
64,1,8,45,1,1,65315
38,3,8,73,0,2,57920
141,0,16,83,0,1,43624
175,0,4,83,0,2,36301
105,0,6,66,1,2,64057
19,3,4,75,0,2,59273
60,3,4,87,0,1,46321
145,3,6,91,0,1,23657
180,1,12,81,1,1,17926
152,2,4,64,0,2,36967
161,2,4,49,0,2,8013
197,0,4,78,1,1,12707
129,1,12,85,0,1,69018
53,3,8,78,0,2,45258
71,0,16,51,0,2,32766
137,1,16,50,0,2,13993
61,0,12,88,1,2,60016
114,1,4,82,1,1,40164
200,1,16,92,1,1,38825
58,2,12,42,0,2,40137
188,0,6,90,0,1,64757
43,3,16,61,0,1,12102
122,2,6,43,0,2,9104
33,2,4,47,1,2,43580
36,3,16,53,0,1,46899
156,1,12,59,1,2,57803
18,3,8,63,0,1,47396
47,0,16,53,0,2,33956
18,3,16,67,1,1,39651
171,1,16,55,0,2,55609
120,3,16,71,0,1,55622
194,1,12,86,0,2,48599
46,1,12,51,0,2,25185
61,0,8,55,1,2,56765
105,3,12,91,0,2,61696
62,3,12,58,1,2,14428
118,0,4,44,1,1,23641
159,1,4,51,0,1,18313
157,3,6,68,0,2,50944
76,0,8,44,1,1,12140
63,1,4,81,1,1,25936
40,0,8,97,0,2,10792
43,3,8,56,0,1,10723
155,0,16,86,1,1,29960
88,2,8,47,0,1,10022
197,1,16,79,0,1,61822
116,2,6,79,1,2,66774
161,2,6,69,0,1,44956
80,1,6,49,1,1,39041
47,1,16,59,0,1,35089
24,0,16,84,1,1,8603
136,1,6,55,1,2,15028
68,2,16,80,1,1,15150
178,2,12,55,1,2,55657
111,3,12,81,1,2,64048
49,1,16,42,0,2,32902
32,2,16,62,0,2,52798
46,3,4,61,1,2,30346
42,3,4,96,1,1,23942
138,0,8,67,1,1,65130
115,2,8,85,1,2,10775
179,0,8,84,1,2,38518
186,2,6,75,0,1,11639
109,0,12,43,1,1,33166
105,0,6,77,0,2,58590
19,1,16,63,1,1,68914
26,0,4,58,1,1,8850
108,1,16,50,0,2,57591
51,3,16,79,1,2,15800
194,2,4,85,1,2,64009
56,3,16,79,0,2,14575
196,2,8,85,0,2,51955
24,3,4,94,1,1,36999
81,2,16,78,0,2,67009
64,0,8,92,1,1,27292
62,2,8,57,0,2,38249
54,2,12,51,1,2,29577
19,3,8,53,0,2,58409
69,3,6,86,1,2,25928
87,3,4,57,0,2,59057
90,1,4,100,0,2,38238
15,1,4,83,1,1,52639
156,2,16,81,1,2,40001
88,2,16,51,1,2,26199
125,0,6,79,0,1,43044
32,0,8,66,1,1,68660
96,2,16,45,1,2,9450
19,1,8,63,0,1,40453
150,2,8,90,0,1,34623
66,0,16,72,1,2,37415
161,1,16,84,1,2,44312
116,1,6,93,0,1,56105
33,0,12,55,0,2,45674
54,2,4,89,1,1,60786
39,3,16,51,0,1,13848
17,2,16,70,0,1,32749
23,2,8,96,1,1,17290
152,0,12,76,1,2,25506
158,1,16,92,1,2,18752
33,0,12,52,0,2,34618
93,2,4,97,1,2,15284
142,3,8,47,0,2,52738
21,3,6,77,0,2,29736
86,3,4,42,0,2,26560
124,0,12,96,0,2,18613
14,1,12,97,1,2,23934
144,0,4,59,0,2,36907
122,3,12,97,1,2,22155
183,2,6,43,0,2,12837
79,1,6,83,0,1,47101
66,0,12,84,1,2,36348
89,0,12,41,1,2,63463
123,1,6,90,1,2,56734
174,1,12,75,1,2,67036
153,2,16,62,1,2,24674
194,1,8,84,1,1,52891
110,2,16,58,0,1,31892
24,3,12,79,1,2,58570
21,3,12,47,0,2,13593
166,0,8,55,0,2,55242
159,3,12,97,1,1,62462
115,3,8,82,0,2,59140
195,2,6,57,0,2,16759
52,0,8,75,1,1,30022
105,1,8,63,1,1,29554
138,0,16,40,0,2,27422
44,3,12,40,1,2,40294
178,1,6,85,1,1,67689
175,0,4,75,0,2,68487
190,0,8,50,1,2,43071
115,0,4,57,1,1,24692
46,0,12,55,1,2,59290
22,2,8,56,0,1,26580
127,0,4,63,0,2,39773
11,3,16,73,1,2,8461
100,3,4,43,1,1,53690
160,2,16,74,1,1,56512
148,1,6,54,0,1,60972
168,1,12,41,0,1,65111
23,3,4,95,1,1,12732
177,3,8,90,1,1,25029
115,2,12,70,0,1,69957
133,1,4,48,1,1,30398
62,1,8,49,1,1,17588
177,0,8,92,0,2,60420
41,0,8,64,1,2,53245
165,0,8,90,1,1,36450
20,2,4,99,0,2,40639
148,3,6,44,1,1,65067
25,2,16,53,0,1,53134
167,1,16,81,0,2,17762
103,3,16,87,0,1,57967
130,0,6,77,1,1,26289
46,2,8,96,1,1,16040
53,2,8,79,1,1,20359
36,0,12,41,1,2,67434
197,2,16,57,0,1,45666
69,0,16,68,0,2,11204
192,1,8,92,0,2,52830
23,3,16,92,1,1,41897
191,1,8,92,0,2,54750
128,1,8,59,0,2,39076
17,0,8,47,1,2,51015
165,2,4,98,1,2,26181
160,1,4,76,0,1,60566
110,1,4,88,1,1,26868
91,1,4,87,1,1,30607
140,2,6,65,1,2,32107
72,2,12,76,0,2,25072
184,0,12,88,0,1,36039
10,1,8,43,0,2,65919
180,3,16,72,0,2,53955
149,2,4,61,0,1,30815
127,0,12,45,0,2,56948
165,1,12,72,0,2,35586
75,3,4,67,0,1,36478
153,2,6,63,1,1,30385
197,3,6,43,1,1,64251
44,2,12,41,0,1,36897
160,0,6,52,1,1,38028
183,3,4,85,1,1,38112
200,1,12,88,0,1,63573
188,1,4,50,0,2,47806
80,2,6,74,0,1,52830
150,1,4,78,1,2,59991
56,3,6,49,1,1,60226
128,0,6,82,0,2,37216
95,2,4,49,0,2,10525
147,3,6,47,1,2,36057
194,2,8,44,0,2,59169
44,0,4,62,0,2,44146
68,2,8,73,1,1,35861
178,1,4,99,1,1,68445
131,1,6,99,0,1,69858
46,2,6,86,1,2,52568
191,0,12,71,1,2,17243
70,0,12,55,0,2,37280
53,1,8,43,0,1,32662
95,0,6,93,0,2,60249
18,2,12,99,0,2,37384
69,3,6,67,0,1,35015
84,2,4,87,0,1,15524
160,1,12,83,0,1,22688
59,1,8,99,1,2,22350
11,1,12,53,0,2,47216
66,0,6,51,1,1,42045
79,2,16,99,0,2,14766
155,3,16,60,0,2,49479
100,2,6,87,0,2,63222
70,3,4,55,0,2,64148
61,2,12,93,0,1,15353
124,1,16,83,0,2,16578
117,3,4,41,1,2,56008
81,2,6,62,0,1,15667
114,0,4,95,0,2,8013
64,0,6,68,0,2,64549
176,2,12,85,1,1,28570
10,1,4,82,1,2,60627
127,3,12,48,0,1,19768
13,2,4,93,0,2,57155
12,0,6,46,0,2,35645
12,3,6,68,0,2,40407
61,0,4,83,0,1,11290
54,0,6,100,1,2,52619
184,2,8,56,0,2,69282
16,0,8,48,1,1,69655
106,3,12,45,1,2,54238
27,1,8,83,0,2,48698
129,2,8,59,1,2,66946
68,3,16,49,0,1,22045
130,2,16,48,1,1,53759
170,0,16,51,0,1,12826
185,0,16,72,0,2,48308
89,3,6,71,0,1,46928
69,3,12,73,0,2,11973
152,1,12,58,1,1,35118
10,3,8,72,1,1,34218
167,3,12,87,1,2,34065
20,2,8,55,0,1,30971
127,0,12,89,0,1,53018
132,3,4,89,1,2,39498
96,1,4,62,0,2,39076
80,3,12,65,0,2,63529
75,0,6,84,1,2,27617
149,3,8,93,0,2,38894
108,2,12,83,1,2,67039
105,0,8,80,0,2,25770
18,3,16,76,0,2,15543
112,2,12,48,1,1,61944
191,0,6,69,1,2,25581
74,3,16,52,1,1,26669
130,2,12,87,1,2,23522
36,1,4,99,1,2,33563
144,2,12,81,0,1,54069
160,1,4,55,1,1,52949
83,3,4,85,0,1,27343
177,2,12,96,0,2,58413
16,1,12,41,1,2,54697
47,0,4,70,1,2,66599
32,2,8,99,0,2,49547
12,3,16,96,1,1,25924
146,0,6,90,1,2,65049
194,1,12,82,0,1,49753
131,2,16,58,0,2,36492
45,2,16,99,1,2,54315
79,3,8,50,0,1,40066
140,0,16,53,0,2,30047
183,2,12,86,0,1,14320
97,2,16,64,0,2,64819
153,0,12,46,0,2,67364
44,2,12,54,0,2,57270
67,0,4,69,0,2,58365
183,0,8,98,0,2,49573
35,0,6,70,0,1,22700
88,3,4,63,0,2,37157
121,0,6,94,1,2,22284
47,0,12,64,1,2,36993
52,1,4,47,1,2,61386
69,1,16,69,0,1,15503
100,3,16,75,0,2,60625
122,0,6,89,0,1,19489
193,1,12,53,0,1,25673
74,1,6,68,0,1,59532
63,2,8,66,1,1,40991
47,0,16,92,0,1,20859
105,1,4,89,1,2,19015
47,3,4,75,1,1,51974
98,2,4,99,1,1,46447
40,2,16,73,0,1,27024
13,0,12,60,1,1,21096
154,0,16,77,0,1,33562
87,2,16,50,0,1,22202
175,3,4,72,1,2,9023
99,0,16,54,1,2,58695
104,0,4,51,1,1,64156
66,2,12,63,0,1,33848
66,2,8,89,0,1,9779
55,0,4,76,1,1,58852
176,1,6,50,0,1,52890
20,0,8,95,0,2,56548
114,1,12,92,0,2,65151
52,2,8,58,1,2,18426
96,1,4,93,1,2,20536
188,3,12,40,1,2,68542
177,2,6,56,0,2,19351
107,0,4,79,1,1,11983
198,0,4,94,0,1,54873
162,2,12,55,0,2,49983
173,2,12,65,0,1,22581
195,3,8,97,0,2,56030
14,2,6,82,1,2,23770
140,0,8,98,1,2,15385
52,3,8,90,0,1,64746
65,0,4,95,1,1,30542
38,1,12,82,1,2,28223
30,2,4,54,1,1,57977
177,1,6,47,1,2,43504
145,0,8,69,1,1,60558
167,1,6,53,1,1,27158
114,1,12,72,1,2,61784
188,0,12,81,1,2,33067
165,0,16,46,1,2,18051
46,2,6,57,1,2,51299
166,1,4,51,1,1,33167
89,3,6,41,0,2,43502
107,3,8,89,0,1,64039
9,0,12,68,1,2,40570
84,0,12,60,1,1,9492
19,1,6,46,1,2,49907
46,0,6,91,1,2,34151
20,3,6,66,0,2,8682
53,2,8,51,0,1,33204
162,2,8,59,1,1,28866
120,1,4,96,0,2,54662
24,2,6,53,1,1,29131
111,0,4,49,0,2,59392
105,0,16,80,1,1,52714
195,0,8,62,0,2,40868
199,0,12,69,0,2,9093
95,1,16,86,0,1,21485
116,2,12,97,1,1,18683
170,3,16,70,0,1,28156
77,2,4,91,1,2,49392
165,0,4,95,0,1,13334
81,3,8,49,0,1,41304
70,1,12,58,1,1,57752
163,0,16,58,1,1,50626
67,0,6,83,1,1,43523
86,3,6,62,0,2,16510
44,1,8,100,1,2,23645
29,3,12,98,1,1,31900
155,1,6,83,1,2,39107
103,0,8,80,0,1,62093
75,2,8,100,1,1,64660
199,0,12,98,1,2,50822
24,2,6,71,0,2,52692
19,2,6,59,1,2,42295
157,1,6,43,0,2,32646
152,3,4,72,1,2,62400
145,1,6,87,1,2,8443
125,0,16,40,1,2,56417
200,3,4,52,1,1,49346
29,2,4,42,0,1,13674
127,2,4,51,0,1,45963
57,0,4,68,0,2,9869
21,3,8,94,0,1,61800
199,0,16,100,0,1,50971
182,0,12,70,0,1,35497
36,1,6,80,1,1,38060
171,0,4,75,1,2,52311
187,3,12,41,1,1,24663
132,0,8,61,0,1,8770
14,3,12,61,1,1,29946
36,2,4,80,0,1,58105
146,0,16,70,0,1,37000
40,3,12,91,1,2,9559
141,2,4,95,1,1,35073
118,3,4,84,0,1,60598
86,2,6,53,0,1,52327
167,1,6,68,0,1,36123
186,0,16,74,1,1,14982
65,0,6,89,0,1,26824
33,2,16,48,0,2,40876
181,1,8,86,1,1,61606
36,3,8,93,0,1,17147
11,1,6,71,1,2,15078
106,3,8,98,0,2,27744
148,3,12,95,1,1,27873
46,0,12,66,0,1,8317
22,2,12,49,1,2,41108
126,0,8,64,0,1,54396
36,0,12,88,0,2,45212
164,0,16,84,1,1,26458
82,3,4,72,1,1,65981
123,0,6,50,0,1,53456
39,3,16,76,0,2,24041
137,2,12,48,0,2,30062
182,3,4,46,0,2,53423
91,3,6,46,0,2,51350
29,1,16,73,0,1,62636
34,0,6,58,0,1,20180
88,0,8,59,1,2,53959
133,0,12,89,0,2,21384
191,0,16,81,1,2,52153
99,1,16,64,0,2,20128
28,1,4,44,0,1,20473
54,1,4,87,1,2,47747
108,1,4,68,0,1,10366
194,0,6,94,1,2,35578
91,3,12,66,0,1,53649
13,2,6,64,0,2,23327
154,1,12,76,0,1,9565
192,3,16,54,0,1,66136
138,1,6,93,1,1,44472
8,0,6,87,1,1,34976
65,0,6,43,1,1,65698
131,3,8,53,0,1,44969
173,3,12,95,1,1,69239
22,3,12,88,0,1,53473
169,0,6,56,1,1,20209
196,0,8,60,0,2,20929
170,2,6,55,1,2,18444
71,3,12,65,1,1,16756
32,2,16,48,1,2,11453
31,1,8,41,1,2,56424
19,2,8,82,0,1,50262
25,1,6,54,1,1,55292
22,1,16,74,1,2,34326
34,2,12,63,1,1,59742
79,3,4,87,1,1,32001
67,1,12,92,0,1,41025
181,3,12,90,0,2,22788
152,0,16,93,0,2,66939
100,1,8,77,1,2,63373
60,0,12,53,1,1,9046
15,2,8,76,0,1,14646
86,3,16,76,0,1,59384
34,2,16,45,0,1,67938
181,1,6,57,0,1,61229
57,0,4,61,0,2,36160
138,1,16,57,1,1,66984
100,2,16,90,1,2,34287
199,3,8,41,0,1,24432
179,3,16,71,1,2,32743
188,1,12,56,1,1,42621
31,1,6,99,0,1,52814
67,0,6,40,0,1,28125
129,2,12,48,0,1,42836
138,1,16,52,0,2,65735
155,0,4,75,1,1,68294
53,1,16,76,1,2,54184
22,3,6,97,1,2,48225
160,0,4,69,1,2,13823
24,0,8,70,0,1,34025
133,1,8,62,1,1,40996
91,2,16,89,0,2,44020
16,3,16,67,1,1,41119
173,2,4,98,1,2,43040
183,0,4,49,0,2,28421
195,2,16,64,0,1,32809
70,0,6,99,0,1,65609
124,2,8,75,1,2,25241
137,1,4,65,0,2,55417
95,2,6,65,1,1,65842
79,0,16,84,1,1,17068
146,3,12,52,0,1,34834
71,3,4,56,1,2,12194
79,3,12,79,0,2,34220
28,0,6,43,0,2,21699
25,2,8,62,1,1,59544
71,3,6,74,1,2,11324
89,3,8,50,1,2,51911
117,3,6,51,0,2,69963
102,1,4,48,0,1,47029
173,0,4,54,0,2,67991
39,0,12,84,1,1,29335
18,0,6,76,0,2,34832
52,0,6,44,1,2,9432
40,0,12,58,0,1,8480
109,1,16,50,0,1,65343
176,2,6,48,1,1,10970
143,1,6,74,1,2,42433
18,3,6,89,1,1,57480
186,1,16,66,0,2,60406
95,0,4,52,1,2,22265
48,1,12,96,1,1,16608
152,0,16,99,1,1,15250
83,1,8,51,1,1,59453
128,0,8,48,0,1,8944
53,3,16,81,0,2,42820
167,0,16,67,1,2,18542
87,1,4,52,1,1,66323
61,3,8,59,0,1,15703
93,1,12,91,1,2,34232
99,3,6,52,1,2,67998
155,2,6,66,1,1,42219
168,2,4,65,0,2,19203
175,2,4,68,0,2,51743
167,1,8,68,0,2,48686
104,1,12,61,1,2,37922
9,3,12,48,1,2,21965
40,3,16,63,1,2,28387
165,3,4,81,0,2,42354
168,3,6,58,0,2,57541
84,0,6,77,1,1,11728
123,2,8,70,1,2,66193
161,0,6,100,1,1,32391
157,0,12,78,1,1,33394
110,0,12,54,1,1,60787
173,0,4,93,0,1,20299
110,2,8,71,0,1,14480
97,0,6,90,0,2,59806
181,3,4,85,0,1,36530
129,1,16,87,1,2,55232
150,3,16,85,0,1,12106
113,1,6,100,0,2,49449
126,3,6,68,1,2,26703
179,3,6,96,0,1,40100
56,1,12,91,1,2,19120
111,2,6,73,0,1,52123
68,0,16,48,1,2,46920
130,3,6,74,1,2,27318
141,2,8,45,1,1,33722
16,0,16,76,0,2,59975
13,2,8,53,0,2,39000
80,2,16,100,1,2,10505
110,0,4,86,0,2,31463
167,3,16,89,1,2,22786
48,2,16,88,1,2,15798
121,3,8,48,1,1,32253
15,3,8,58,1,2,47702
79,3,16,62,1,1,17003
185,0,16,96,1,2,24439
99,1,12,80,1,1,16899
69,3,4,67,0,2,22714
91,1,4,55,0,1,23861
69,1,6,65,0,2,58161
118,2,16,77,0,1,28502
134,3,16,79,0,1,36424
14,3,16,64,0,1,11316
91,3,16,74,1,2,21059
139,1,4,93,0,2,44257
141,0,8,44,1,2,28710
65,1,12,46,0,1,61457
29,3,8,62,1,2,62433
161,3,8,64,0,1,50360
134,3,4,40,0,2,23201
10,1,12,61,0,1,25577
134,3,16,92,0,1,12994
48,2,4,43,0,1,15506
195,3,4,97,1,2,65121
113,0,12,67,1,1,9497
21,2,6,87,0,2,17442
19,3,4,98,1,1,66216
94,2,8,53,1,2,10410
19,3,8,72,1,1,52510
148,0,16,43,1,1,34154
32,3,4,81,0,1,16666
52,2,16,50,0,2,69634
129,0,4,78,1,1,39652
154,1,12,71,0,1,29515
62,0,4,43,0,2,60718
107,0,6,40,0,2,28432
180,0,8,65,0,1,47695
143,2,12,72,1,2,23421
126,0,8,56,1,2,29008
60,3,16,66,1,1,49230
190,0,12,81,0,2,31065
39,0,6,44,1,1,38252
58,3,8,46,1,1,46785
51,3,4,64,1,1,63952
89,1,4,47,1,2,15005
153,0,4,73,0,2,60703
157,2,12,80,1,1,54877
44,0,6,43,0,1,61737
103,0,6,51,0,2,39811
63,3,6,97,1,2,45225
112,1,8,70,0,1,61035
66,0,12,50,0,1,40351
138,2,4,76,1,1,35195
163,0,8,83,1,2,17186
42,2,6,98,1,1,57920
196,3,4,92,1,2,54098
100,1,12,75,1,1,33120
189,0,16,84,0,2,13074
198,1,6,61,1,2,17123
104,0,6,40,0,1,32666
142,2,6,89,0,2,55066
83,1,6,43,1,2,28717
56,0,4,75,0,1,55565
101,3,12,47,0,2,47959
166,2,8,64,1,2,66194
193,1,4,67,1,1,48316
196,0,12,91,0,2,27352
31,1,8,77,0,2,39626
155,0,6,75,0,1,53832
44,2,12,75,0,1,35653
11,3,6,99,0,1,39289
115,2,12,82,1,2,10659
133,1,16,99,1,1,8633
27,1,6,80,1,1,23716
195,0,6,85,1,1,43996
159,2,6,43,0,1,33800
57,0,4,52,1,1,25632
184,2,8,77,1,1,25366
186,1,6,84,0,1,43278
103,0,6,64,0,2,28234
112,0,4,42,0,2,61910
171,2,4,94,1,1,28377
124,3,16,71,1,1,56384
105,2,12,78,0,2,41757
73,3,6,40,0,1,9616
86,2,12,50,1,2,39150
169,1,4,41,0,1,64173
171,0,4,44,0,2,16616
13,2,16,95,0,1,17622
46,1,8,61,1,2,26019
177,2,4,85,1,2,53160
122,0,6,100,1,1,47163
193,2,16,52,0,2,39364
132,3,8,87,0,2,45986
19,0,16,62,1,1,24561
138,3,4,86,0,2,21576
25,1,8,70,0,2,13251
47,1,12,74,1,2,54278
28,2,8,77,0,2,36352
150,3,6,80,0,1,41487
106,3,12,74,0,2,43896
33,0,12,84,0,2,31419
15,3,6,100,1,2,37080
107,3,12,52,0,2,35577
94,0,4,93,1,1,22597
49,0,8,46,1,2,43557
179,3,8,44,1,1,33229
21,2,6,97,1,1,67966
85,0,4,68,0,2,30645
9,0,12,47,0,1,52516
126,3,8,47,1,2,23306
44,3,8,93,1,2,35968
76,0,8,46,1,2,20595
173,3,8,58,1,1,33065
48,0,16,100,0,1,33920
69,2,6,78,1,2,47668
67,2,12,62,1,1,40636
132,0,12,75,0,1,64675
118,0,6,81,1,1,41375
21,1,4,71,0,1,23072
91,1,6,84,0,2,44359
137,3,8,43,0,2,46413
77,3,8,69,1,2,12119
152,0,6,90,0,1,13311
130,0,6,81,0,2,16944
96,1,12,78,1,2,11048
35,1,12,44,1,2,45212
73,0,16,42,1,1,12120
170,2,16,61,1,1,19653
12,2,8,67,0,1,24000
200,3,16,61,1,2,41782
175,0,16,61,0,2,53654
191,0,4,73,0,2,17960
171,3,6,68,1,1,29280
52,1,12,82,1,2,31437
158,1,16,81,1,1,33534
54,2,12,99,1,1,42359
38,0,16,94,0,1,52221
146,1,16,52,1,2,21339
17,2,8,46,0,1,43356
125,2,4,49,0,2,43306
21,2,6,67,1,1,22823
87,1,6,43,1,2,66134
100,1,8,98,1,1,20459
17,0,8,71,0,2,14181
83,0,6,61,0,2,20208
101,2,6,59,0,1,61546
112,2,4,87,1,2,40009
8,1,16,59,1,2,60250
140,1,4,45,1,1,65991
27,0,6,48,1,1,21035
15,0,16,67,1,2,13876
178,3,6,52,1,1,9475
8,0,4,70,1,2,21780
64,1,4,78,0,1,62356
71,2,4,89,0,1,34636
125,3,16,53,0,1,32121
35,0,12,61,0,2,38978
128,0,12,76,1,1,45843
114,1,6,93,1,2,66467
172,3,16,84,1,2,33191
182,0,8,63,0,1,33860
172,2,12,47,1,1,34901
56,1,16,54,0,1,19329
127,3,16,90,0,1,28056
51,0,12,80,0,1,43623
63,0,16,45,1,2,26007
163,3,16,62,1,1,36025
118,1,12,64,0,2,46404
141,3,4,70,0,2,18895
115,3,6,85,1,1,17332
196,1,8,68,0,1,43598
155,0,6,62,1,2,49458
121,2,4,49,0,2,22540
85,1,4,48,1,1,12682
137,2,16,88,0,2,17295
44,0,6,52,1,2,43857
27,3,4,71,0,2,42520
33,2,6,88,1,1,44782
36,0,4,90,0,2,8613
8,0,8,84,1,2,68391
126,3,4,80,0,2,25027
42,3,6,40,0,1,51828
66,0,16,40,0,1,69497
76,0,6,76,0,2,25519
168,2,12,79,0,2,53652
186,0,6,57,0,2,24202
19,0,8,75,1,1,54905
27,2,8,70,1,1,28083
188,1,8,93,0,2,51322
50,2,4,40,1,2,57313
133,2,8,86,0,2,18013
57,3,6,91,0,2,14069
36,2,16,75,1,2,69763
192,0,8,96,0,2,35341
46,0,6,48,0,2,44170
191,0,4,61,1,1,18819
178,1,4,95,0,1,44761
185,0,16,67,0,1,53954
158,1,16,65,1,2,62007
179,0,6,91,1,1,37173
45,2,16,49,0,2,8056
91,3,16,95,0,1,62436
158,0,4,86,0,1,60389
135,1,6,42,0,1,34920
133,1,16,41,0,1,62054
52,3,6,93,0,1,13996
59,0,8,76,0,2,37801
87,2,4,95,1,2,41387
185,0,4,70,0,1,24041
131,0,4,72,0,2,29258
126,3,12,71,1,1,21066
15,0,6,82,0,1,10613
92,2,8,51,0,1,64293
136,1,16,97,1,2,36837
15,3,8,42,0,1,29757
164,2,6,94,1,1,27219
103,1,4,100,1,2,33241
109,3,12,87,1,1,49087
12,3,6,65,1,2,11557
93,1,6,53,1,2,12171
182,1,16,51,1,2,12982
41,2,8,91,1,2,21532
200,0,8,65,0,2,47693
62,0,16,55,1,2,25018
126,0,12,92,1,2,60760
178,0,4,47,0,2,64758
165,0,4,88,0,2,56562
121,2,12,88,1,2,69033
152,3,16,67,1,2,13737
33,2,6,46,1,2,53670
143,2,8,54,1,2,33561
54,2,6,100,0,2,32329
120,3,8,99,0,2,26957
83,2,6,80,1,2,9156
79,2,16,75,0,2,69880
96,3,16,47,0,1,46421
53,2,12,49,0,1,11868
40,0,6,54,0,2,63686
8,1,6,94,1,2,49203
154,2,12,57,0,1,25151
38,1,12,85,0,1,52177
149,2,16,76,1,2,16606
60,2,16,80,0,2,47338
55,0,6,84,1,1,19475
76,3,16,100,1,2,53304
112,1,16,96,0,1,52066
97,3,6,90,0,2,43654
197,0,12,82,1,1,55356
199,0,6,83,0,2,8861
70,1,4,74,1,2,38467
80,3,6,41,1,1,29298
168,0,4,94,0,2,62109
176,2,6,61,1,1,35933
96,2,4,54,1,1,61085
183,2,4,76,0,1,52724
20,3,6,78,0,2,57361
80,2,16,75,1,1,63274
84,2,8,44,0,2,59309
166,0,16,96,1,1,43145
75,0,4,87,0,1,59341
105,2,6,54,1,1,66019
132,2,6,66,0,1,46998
109,0,6,55,0,2,30667
139,1,6,96,0,2,58507
109,3,8,75,0,2,55777
26,3,12,77,0,2,65369
89,0,4,57,1,2,51653
148,3,8,74,1,2,24228
30,0,16,64,0,1,42418
90,0,12,61,1,2,56820
116,0,12,95,0,2,43726
82,0,6,70,1,2,28841
136,1,8,98,1,2,13990
95,2,16,76,1,2,58834
61,2,6,73,0,2,20647
96,1,6,62,0,1,26350
150,3,4,55,1,1,11286
72,3,12,45,1,2,58147
83,2,16,98,1,1,65420
150,3,12,54,1,2,26526
156,2,8,57,0,1,41724
154,2,4,77,0,2,35620
67,1,6,52,1,1,8217
100,3,4,63,0,1,61098
168,1,6,52,1,2,43183
56,2,4,40,0,2,30579
42,2,6,87,1,1,52305
179,2,12,75,0,2,42235
109,0,12,88,1,2,53742
18,0,12,57,0,2,27256
106,0,12,87,1,2,24416
117,1,4,72,0,2,51879
81,2,6,77,1,2,27871
181,3,12,82,1,1,31171
16,1,4,45,0,2,33000
10,1,6,56,0,2,29266
92,1,4,43,0,1,11078
33,3,12,53,1,1,47406
79,2,8,69,1,1,37410
55,0,4,85,1,2,45630
163,2,12,59,0,1,58969
124,2,16,47,1,1,63019
161,1,6,93,0,1,20118
160,1,12,41,1,1,29857
19,1,16,76,1,1,20210
140,0,4,43,1,1,23031
55,0,4,49,0,1,45062
44,0,16,59,1,1,41482
51,2,16,99,1,2,22770
22,1,6,95,0,2,60359
50,3,4,92,1,1,44748
183,2,16,74,0,2,45151
94,0,8,87,1,2,59176
77,3,8,49,1,2,69217
53,3,16,67,0,1,52689
115,1,6,54,1,1,47630
130,3,4,75,0,2,26998
178,0,8,40,0,1,8810
28,1,16,61,1,2,18647
158,3,16,66,1,1,42798
114,1,12,68,1,2,21204
87,3,16,54,1,1,14033
54,2,6,49,1,1,23245
124,2,8,59,0,2,34361
131,0,12,61,0,2,42740
150,2,8,89,0,2,48722
32,2,8,87,0,2,66060
43,2,6,92,0,1,8824
58,3,16,98,1,1,42495
22,3,6,48,0,2,48271
75,1,16,95,0,2,45889
28,3,12,90,1,1,26616
148,2,6,71,1,1,55777
26,3,6,56,1,1,13680
41,0,4,81,1,1,14745
85,1,6,58,0,2,15605
132,1,4,79,1,2,41530
124,3,16,66,0,1,40789
59,2,16,90,1,1,59411
34,1,16,76,1,2,22812
164,0,4,73,0,2,45329
163,0,16,86,0,1,64284
42,1,8,88,1,2,11305
143,2,6,98,0,2,36843
151,2,4,49,1,1,48538
113,3,16,69,1,2,39394
171,3,8,60,0,1,62044
165,1,6,60,0,1,17733
153,3,6,93,0,1,69683
9,3,16,73,1,2,16612
184,3,8,48,0,2,52504
84,0,4,73,0,2,12436
139,3,16,89,1,1,47865
97,1,6,51,0,2,34559
96,2,6,86,0,2,47582
101,3,6,60,0,1,16314
14,2,16,96,0,2,62119
102,3,12,59,1,2,49393
115,1,12,45,0,1,24335
81,0,12,89,1,2,30715
46,1,8,84,1,2,12165
148,0,16,75,0,2,60634
166,3,6,51,1,2,48805
78,3,8,80,0,2,60036
198,0,12,70,1,2,59790
63,1,4,41,0,1,61029
177,1,8,55,1,1,39037
196,0,8,40,1,1,22772
49,3,16,43,1,2,25999
191,0,8,86,1,1,23505
43,3,16,91,1,1,30388
91,0,4,40,1,1,44576
125,3,6,91,0,2,57378
14,0,6,86,1,1,54461
61,2,12,74,0,2,55094
136,3,12,52,1,1,22515
179,1,4,89,0,1,41303
127,0,6,84,1,1,41890
180,1,12,81,1,1,61517
113,0,8,70,1,2,47857
54,1,16,59,1,1,29597
130,1,12,95,1,1,22103
148,0,4,46,1,1,44302
126,0,6,96,1,2,25042
157,1,4,79,1,1,39004
125,1,16,72,0,1,56149
28,1,16,67,0,2,22337
144,3,4,89,1,2,38668
33,3,12,83,0,1,35683
16,2,12,89,1,1,67665
22,3,6,99,0,1,15218
17,3,6,95,1,1,50126
129,0,8,83,0,2,45759
128,2,8,59,0,1,21794
132,2,6,71,1,1,50931
177,3,8,48,0,1,65360
79,0,4,73,1,2,59055
159,0,12,53,1,2,58764
56,2,8,43,0,1,13397
161,0,8,68,1,2,52666
98,1,4,100,0,1,65779
44,3,16,54,0,1,53031
75,1,6,56,0,2,60607
57,2,4,58,0,2,42772
159,2,16,77,0,2,37529
26,0,4,48,0,1,10733
107,0,12,66,1,2,62403
67,2,4,88,0,1,32838
174,2,4,54,0,2,59593
96,1,12,76,0,1,48718
153,1,6,67,1,1,30425
154,0,16,89,1,1,47119
171,1,8,94,1,2,41575
190,0,6,43,0,2,56828
76,0,4,60,0,2,59664
182,3,8,95,0,1,41125
56,0,12,73,1,2,15311
115,1,6,58,1,2,43169
168,2,16,98,1,2,42042
126,2,6,76,0,2,53431
156,1,6,97,0,1,41756
157,2,8,43,1,2,23604
183,0,12,76,0,1,24401
44,2,12,90,1,1,58890
150,1,6,71,1,1,43531
170,2,12,84,1,1,14628
167,0,8,87,0,1,13121
18,0,8,51,1,2,35573
145,1,16,80,1,2,55479
85,1,12,95,0,1,58065
84,1,16,55,0,2,49525
192,3,4,53,1,1,64485
160,3,8,93,0,1,60064
9,0,6,40,0,1,33928
71,3,8,91,0,1,40398
42,3,4,94,0,2,42239
14,2,6,97,1,1,11163
92,3,12,71,0,2,56647
153,2,12,60,1,2,29755
74,1,8,43,0,2,57069
49,2,6,48,0,2,49571
125,2,6,95,1,1,33638
132,1,16,90,0,2,49395
174,1,4,85,0,1,33223
176,0,12,61,1,2,18601
31,0,8,51,1,1,12017
195,0,6,69,1,1,10609
53,0,12,69,0,2,40850
26,2,8,71,0,2,42557
75,2,12,99,0,2,54787
109,0,8,75,1,1,50010
49,3,12,46,0,2,13708
39,0,16,56,1,2,15973
174,3,4,40,1,2,36414
116,1,12,53,1,1,44884
43,2,4,86,1,2,37913
104,2,12,83,1,2,21356
171,3,6,83,0,1,54009
138,0,16,77,1,2,46294
80,2,16,65,1,1,59893
143,3,4,66,1,1,8797
104,1,6,100,1,1,43294
130,1,8,84,0,1,39582
77,2,16,55,0,1,29135
176,0,6,85,0,1,64883
20,3,6,46,1,1,57914
56,2,4,71,0,1,49577
67,1,6,100,0,1,20072
137,0,6,64,1,1,45574
195,3,8,70,1,1,20624
12,2,4,55,1,1,28247
179,3,4,94,1,1,23507
34,0,6,80,1,1,60838
167,0,8,97,0,2,25151
156,1,12,53,0,1,40315
15,0,16,64,0,2,55922
57,2,4,69,0,2,39104
74,3,8,95,0,2,29985
51,0,8,46,1,2,38298
132,0,6,51,0,2,43953
65,2,16,42,0,2,66364
10,3,4,66,0,1,64581
93,3,12,85,0,2,68837
77,1,6,58,0,1,25461
137,1,4,82,1,1,52219
179,3,4,76,1,2,19802
9,2,8,94,0,1,50735
109,2,16,84,1,1,39311
42,1,12,99,0,2,21501
105,0,16,81,0,1,19070
37,2,8,46,1,2,42658
123,0,12,88,1,2,9626
15,2,12,55,1,2,19810
157,3,6,71,0,2,47414
51,1,12,47,0,2,36860
193,0,4,88,0,1,38460
43,0,16,52,1,2,58723
84,3,16,50,1,2,37541
38,2,6,59,0,1,60827
54,0,12,57,1,2,66935
62,2,8,76,1,2,67970
113,3,4,45,0,2,62584
197,1,6,59,1,2,66536
165,0,12,71,1,2,12773
128,2,8,85,0,2,45812
62,0,12,83,0,2,36823
151,2,6,68,0,1,53977
19,2,8,43,1,2,50088
152,2,8,46,0,1,19630
151,3,8,82,1,2,50075
147,1,8,59,0,2,61960
143,0,12,73,0,2,18100
10,1,8,75,0,1,37103
151,2,12,46,1,1,60904
37,2,8,72,0,1,42096
30,1,8,54,0,2,12123
99,1,6,91,1,2,42079
122,0,12,71,1,1,45218
111,2,12,61,0,1,20230
125,1,16,95,0,2,67206
12,3,6,79,0,2,67348
111,2,12,68,1,2,19807
115,2,6,64,1,1,43493
72,0,6,44,0,1,64723
128,3,6,53,0,2,42951
37,0,4,89,0,2,23427
156,3,12,74,0,2,8153
91,0,6,41,1,1,62734
157,3,4,64,1,2,8815
39,3,4,93,1,1,9119
168,3,8,55,0,1,68612
23,1,8,85,0,1,26539
45,2,12,55,1,2,45933
149,3,8,50,0,2,9209
43,1,12,99,1,1,65797
158,1,4,88,0,1,30812
121,0,4,74,0,2,41874
73,2,12,62,0,1,22985
112,2,8,94,1,2,38022
92,0,8,44,0,2,35372
9,2,12,74,0,2,69888
200,0,16,68,1,2,61568
82,1,8,86,0,1,46032
74,1,6,94,0,2,20565
187,3,8,44,1,1,35235
197,0,16,93,0,1,9037
158,1,4,42,1,1,11333
161,1,4,45,0,2,24797
62,0,4,62,0,2,51501
13,1,8,85,1,1,36718
170,2,4,95,0,2,15904
157,1,16,41,1,2,42707
178,0,16,57,0,2,25039
150,2,8,69,1,2,23555
93,2,6,77,0,2,15457
67,1,8,95,0,1,39488
108,3,4,44,0,2,53004
19,2,8,85,0,2,26863
56,0,16,88,0,1,62791
49,3,8,50,1,2,69205
173,3,8,40,0,1,33923
89,2,6,49,1,1,30305
180,1,16,80,1,2,39675
42,3,12,91,0,1,56556
165,1,12,83,0,1,50276
165,2,16,65,0,2,63672
141,0,12,72,1,1,44374
74,3,4,66,0,2,13203
87,0,12,95,0,1,69182
14,1,4,89,0,2,38068
187,1,16,51,0,1,39767
21,0,12,41,0,2,44826
80,2,12,40,0,2,45772
150,2,4,40,1,1,63620
156,3,4,96,0,1,48783
170,3,8,100,1,2,24699
73,2,6,72,1,1,40293
98,2,12,61,0,1,30447
137,0,6,51,0,1,65564
170,1,6,78,1,2,30425
27,1,12,75,0,2,26645
17,3,4,60,0,2,64791
32,2,8,59,0,1,25228
32,0,16,75,0,1,42282
61,3,12,65,1,1,41876
40,0,12,86,1,2,55488
171,2,16,70,1,2,29507
102,2,6,40,0,2,58882
21,2,8,77,1,2,11185
72,1,6,53,1,1,25622
117,2,16,65,1,1,13455
87,3,16,85,0,1,43692
61,1,8,81,0,2,14796
132,0,16,46,0,1,66534
187,3,16,94,0,1,69726
138,3,8,95,0,2,30423
176,0,12,94,1,2,60718
141,1,6,93,1,1,35007
32,3,12,51,0,2,56121
148,3,12,63,0,1,35470
124,3,6,58,1,1,55620
143,1,12,48,1,2,38846
156,1,8,74,0,2,58608
32,1,6,43,0,1,58261
86,3,4,84,0,2,21909
75,2,12,81,1,2,42698
180,0,16,71,1,1,64855
195,2,6,85,0,1,35692
19,1,4,45,0,1,55049
39,3,16,67,1,2,25006
135,3,4,67,1,2,26721
103,2,12,79,1,2,18122
99,2,16,90,0,1,68088
148,0,12,68,0,2,42026
38,3,16,81,0,1,63452
85,2,6,93,0,2,12501
27,0,8,44,1,1,15840
153,1,8,44,1,2,54584
67,2,4,76,0,1,15289
198,1,16,80,0,1,18160
141,0,12,100,0,1,68639
167,1,6,94,0,1,26407
100,3,6,67,0,2,58028
50,3,6,80,0,2,15190
137,1,8,86,0,2,18436
67,3,12,48,0,2,59678
158,0,6,68,0,2,52549
38,3,6,53,0,1,36979
12,1,4,77,1,2,32920
169,1,16,93,1,2,44440
17,1,16,91,1,1,19260
96,2,16,79,1,2,26297
137,1,4,73,0,2,10445
133,0,8,76,1,2,16976
18,3,4,88,1,1,25871
185,3,6,81,1,1,29275
166,2,12,53,1,2,36424
63,2,6,57,1,1,62386
90,0,6,72,0,2,22971
144,1,12,93,1,1,8449
106,2,16,73,1,1,23107
156,3,4,67,0,2,42195
80,2,8,75,1,1,10595
163,2,6,84,0,2,59428
197,1,6,87,1,1,13765
122,2,8,76,0,2,65587
14,0,4,62,0,1,42880
87,3,6,81,0,2,52268
151,1,8,56,1,2,17137
104,3,6,99,1,2,22271
11,0,16,50,0,2,25410
11,0,16,71,0,1,17715
110,2,6,76,0,2,68452
47,2,6,54,0,1,11692
24,2,16,43,0,1,11049
108,3,6,78,0,2,35897
110,0,4,69,0,2,63298
131,1,4,49,0,2,35882
59,2,12,62,0,2,31968
59,3,4,63,0,1,47866
171,2,6,75,1,2,56378
131,0,6,91,0,2,69582
173,1,8,97,1,2,63031
185,0,4,44,0,2,32636
70,3,16,76,1,1,55171
123,2,16,82,0,1,36750
198,0,12,58,1,1,19590
69,3,8,76,0,2,51374
14,2,16,92,0,1,40451
162,1,12,47,0,2,62205
99,0,4,46,1,1,36354
21,2,8,79,0,2,27990
93,2,8,52,0,1,14669
140,2,6,76,0,2,24773
190,2,4,99,1,2,23648
137,0,8,66,1,1,12616
69,2,12,57,0,2,17867
156,3,16,63,0,1,50737
86,0,4,80,1,1,8252
156,2,4,41,1,1,40482
145,0,8,55,0,2,16052
65,3,8,53,0,1,27550
127,3,8,56,0,2,50674
174,0,12,99,1,2,51010
140,2,6,45,1,1,41463
72,2,8,74,0,1,67437
20,3,6,56,1,2,30307
188,2,6,84,1,2,61900
89,3,4,77,0,1,51532
180,2,16,99,0,2,15865
167,3,16,79,0,2,58657
171,1,12,96,1,2,52628
195,2,12,100,1,1,20705
146,2,16,45,0,1,54057
198,2,16,99,1,1,39786
156,0,4,87,1,2,59895
59,2,4,77,1,1,45422
190,0,16,88,1,1,21218
124,0,8,60,0,2,52237
33,3,8,74,1,1,32273
41,0,4,62,0,1,58450
59,0,6,51,1,1,61842
119,1,16,96,0,2,37792
89,2,12,68,1,2,19442
187,0,8,66,0,1,51874
164,2,6,45,0,2,23507
173,0,8,60,1,1,61020
49,3,6,46,1,1,54151
28,1,16,82,0,1,18456
49,0,16,80,1,1,69136
148,2,16,55,0,2,51840
120,3,4,44,0,1,68197
112,2,6,54,0,2,64752
199,3,12,60,0,2,19899
24,1,12,97,1,1,40244
127,3,16,43,1,1,56989
144,2,12,44,1,1,31584
176,2,8,46,1,1,19020
136,0,6,74,1,2,40983
137,3,6,75,0,2,22251
67,2,6,96,1,2,14244
55,0,8,54,1,2,69909
36,1,4,67,1,1,40947
104,2,8,41,0,1,59838
17,0,6,95,1,2,56460
65,2,6,96,1,2,48423
195,3,6,44,1,2,62731
28,0,12,46,1,1,24760
35,3,4,61,1,1,68072
41,1,8,88,0,2,64112
15,3,6,70,1,1,16045
194,0,16,71,1,2,26211
184,2,4,47,1,2,32156
86,0,16,80,0,1,63004
152,3,4,81,1,1,31961
195,3,6,50,1,2,52186
94,2,4,40,0,1,26711
95,1,4,86,1,1,34078
180,0,6,79,0,1,21510
76,2,16,58,1,1,37520
167,2,16,83,0,1,33328
179,2,12,77,0,1,31968
200,0,16,81,0,2,68513
94,0,16,95,0,2,32825
108,0,4,76,1,2,56017
15,1,12,95,0,2,15272
84,2,6,46,0,1,43588
94,3,6,78,1,2,45504
50,3,8,94,1,1,47238
136,2,12,64,0,2,33465
116,3,4,93,0,2,62753
186,1,8,61,1,1,62018
159,1,8,66,0,1,54883
159,0,6,80,1,2,52962
24,0,16,86,1,1,38642
140,0,4,77,0,1,14520
155,0,12,87,1,1,36299
28,0,8,78,1,1,52046
65,3,4,54,0,2,57027
166,3,6,94,1,1,27127
117,0,8,41,1,2,12576
146,1,8,100,0,2,15183
187,3,6,99,1,2,67100
150,1,6,47,1,2,18814
142,1,6,83,0,2,34352
35,2,4,82,1,2,69924
58,2,4,45,1,2,56406
193,0,4,59,1,1,19596
12,1,16,66,1,2,63552
12,3,8,84,0,1,23544
101,2,4,62,1,1,32139
103,2,16,87,0,2,67418
15,1,8,79,1,2,43864
71,2,4,56,0,2,65173
145,2,6,97,1,1,32574
45,3,12,100,0,1,9085
118,1,4,52,0,1,38689
119,2,12,43,1,2,44497
88,1,4,59,1,1,28712
143,2,6,81,0,2,9487
111,3,12,64,0,1,16540
160,1,16,100,0,2,48221
80,2,6,61,0,2,32989
185,3,12,91,0,2,23955
56,2,12,87,0,1,35029
43,1,6,100,1,1,52412
133,2,6,56,1,1,48105
75,1,6,79,0,1,54369
85,1,8,50,0,1,15102
112,2,16,64,1,2,67907
176,3,4,44,0,2,9009
129,0,12,60,0,2,28766
126,3,4,65,1,2,31089
197,3,6,55,1,1,16973
121,2,16,95,0,1,11079
17,3,16,79,1,2,28836
156,3,8,60,0,2,67972
171,0,6,87,1,1,20167
147,3,12,71,0,1,10186
98,0,8,43,0,2,62782
9,2,6,77,0,2,52279
125,0,8,97,0,1,54620
20,1,4,92,1,1,17398
188,1,6,47,1,1,69140
167,0,12,48,1,2,12518
102,1,12,84,0,2,53452
151,2,6,56,1,1,57456
39,1,8,80,0,2,62290
39,0,16,52,0,2,44222
131,2,6,48,1,1,14082
18,1,12,45,1,2,67617
17,2,4,66,0,2,46117
22,0,12,81,0,2,41618
24,1,16,76,1,1,30111
175,2,12,78,1,1,33070
153,2,16,82,1,2,27939
190,1,6,63,1,2,59826
160,2,12,48,1,2,60582
66,2,8,96,0,2,56819
85,0,8,81,0,1,15540
131,0,12,50,0,2,27533
121,0,12,74,1,2,55430
29,0,4,68,0,2,11347
165,0,12,47,1,2,56479
179,0,4,56,1,1,11949
39,1,4,46,1,2,37877
186,0,4,51,0,1,24888
181,2,4,87,0,1,37278
120,1,6,54,0,2,15765
127,2,8,92,0,1,38084
156,0,4,68,1,1,59806
129,0,8,84,1,1,44174
39,2,4,89,0,2,60669
126,2,8,89,0,1,51664
46,2,12,63,1,1,39991
19,3,12,76,0,2,52724
182,3,8,53,0,1,62564
25,3,4,99,1,2,55634
156,3,6,50,0,2,13257
148,1,8,74,0,2,42347
156,0,16,56,0,2,67105
133,2,6,98,1,2,57072
143,0,16,94,0,1,69476
53,2,8,66,0,2,57465
111,0,4,83,1,1,45083
142,1,16,42,1,1,43455
158,3,8,94,1,2,64462
93,0,6,99,1,1,46291
157,2,4,41,1,1,17910
96,0,16,43,1,2,38604
29,1,8,57,1,2,28883
99,1,4,59,0,2,36202
36,0,4,60,1,1,61726
20,3,12,53,1,1,64017
9,2,4,47,1,1,39656
36,1,8,41,0,1,32111
187,1,6,65,0,2,49783
34,0,12,58,1,1,45083
57,1,8,81,1,1,43182
102,1,8,67,1,2,62467
158,2,8,68,0,1,21271
95,3,16,44,1,2,61931
51,2,16,82,0,1,60972
29,3,6,67,0,2,46574
178,2,8,99,1,1,59121
172,0,16,80,0,2,57139
196,1,16,87,1,1,35679
104,3,16,65,0,1,19258
191,0,6,98,0,2,9759
10,1,6,44,0,2,43893
198,1,8,54,1,2,63718
125,1,12,85,0,1,36628
26,2,8,48,0,2,65017
30,0,16,71,1,2,37675
164,0,16,91,0,1,26665
37,1,4,65,0,2,45997
46,3,8,76,1,2,19226
115,0,16,54,1,2,55982
118,2,16,80,1,1,25507
32,3,12,43,0,1,13831
135,3,4,92,0,1,9234
118,3,8,92,0,2,64028
143,3,6,75,0,1,48338
113,0,8,59,0,1,13956
193,1,8,66,1,1,57826
151,3,12,60,0,2,62665
79,2,8,99,1,1,35278
136,2,12,61,0,1,26689
115,1,12,46,0,1,9268
12,0,16,86,1,1,29481
10,1,6,93,0,2,27605
200,3,12,70,0,1,29103
139,0,4,56,1,1,12194
111,0,4,89,1,1,37798
71,3,6,46,0,2,36370
113,2,12,58,1,2,36654
105,3,6,67,0,1,18251
17,1,16,49,1,2,25633
156,3,4,66,0,1,12029
135,2,8,52,1,2,10860
53,3,4,41,1,2,11513
162,1,12,61,0,1,43987
73,1,6,98,1,2,49138
176,2,4,59,1,2,56134
119,1,8,99,1,1,59351
20,1,8,82,0,1,12930
144,3,6,44,1,2,12677
171,0,6,45,1,2,13472
93,1,4,74,1,2,47476
97,1,12,40,0,2,32225
65,2,16,74,0,1,21728
61,2,8,42,1,2,54684
19,3,6,93,0,1,32214
21,3,16,75,1,1,54649
128,1,16,46,0,1,20483
169,0,16,68,1,2,39044
188,0,12,54,0,2,43297
128,3,6,50,1,1,34831
27,2,8,57,1,1,17127
82,1,6,83,0,1,64622
151,1,4,43,1,1,33532
77,0,8,63,1,1,10473
63,3,6,50,1,2,41853
108,0,8,45,0,2,48130
193,0,4,97,1,2,12662
139,3,8,90,1,2,44202
118,2,16,97,1,1,48496
132,1,12,99,0,1,10665
139,2,4,57,1,2,19184
27,3,8,54,0,1,33677
145,3,4,42,1,1,53942
31,1,16,56,0,1,68320
161,2,12,72,0,2,16475
44,1,4,73,0,2,37752
61,0,16,69,1,2,45239
110,0,16,58,0,2,30903
156,0,16,100,0,2,69134
45,2,8,48,0,2,51779
181,0,6,79,0,1,25171
11,1,4,83,0,2,20660
195,2,6,70,0,1,66200
64,1,16,98,0,2,50658
180,3,6,66,0,2,31289
27,2,16,86,0,1,15988
24,1,16,64,1,2,47974
126,1,12,94,0,1,40052
78,2,12,46,0,2,35256
11,3,6,92,0,1,42901
21,2,4,87,0,2,53154
10,0,6,46,0,1,10421
87,0,4,59,0,2,68149
193,3,6,92,0,1,54574
62,1,8,83,1,2,11931
139,1,8,88,1,2,14025
127,1,4,82,1,2,62479
31,2,12,75,0,2,49584
169,2,4,58,0,2,47894
165,3,6,41,1,2,69522
89,0,16,73,1,1,34176
154,1,8,95,0,1,65344
166,0,16,56,0,1,55540
195,2,8,63,1,1,37357
67,2,6,48,1,1,53305
154,2,8,93,1,1,45273
56,0,4,40,1,2,31265
70,3,16,81,0,2,50369
117,3,16,67,1,2,52827
157,2,6,94,1,1,21395
159,1,16,54,0,2,37161
116,0,6,60,1,1,51930
83,2,12,54,1,1,51547
37,0,4,96,1,1,63675
65,0,8,62,0,2,8798
124,3,8,92,0,2,66286
166,2,8,100,1,1,11462
107,3,12,41,0,2,48263
199,2,4,85,0,2,54559
26,0,16,75,1,1,38666
183,3,16,89,0,2,58479
180,0,4,48,1,2,15449
101,2,4,41,0,1,66038
190,1,8,41,1,1,68760
120,3,16,57,0,2,53190
190,3,4,56,0,2,38163
153,0,16,80,1,2,39080
70,0,4,47,1,1,55672
123,1,6,73,1,1,56242
120,3,8,73,1,1,40953
54,2,4,44,0,2,33053
64,2,12,83,0,2,47799
125,3,4,68,1,1,20288
52,3,6,67,0,1,35473
168,3,12,55,1,1,35591
152,1,12,53,0,2,47452
11,2,4,91,1,2,36391
155,2,6,41,0,2,17877
54,0,12,95,1,2,33567
150,0,8,79,0,1,15591
54,3,8,100,0,2,43517
85,0,16,43,1,2,69709
131,1,16,91,0,1,40503
82,2,6,80,0,1,43713
110,2,12,91,1,1,30946
144,0,8,70,1,2,60550
97,3,8,65,1,1,32770
151,0,6,66,1,2,48828
76,3,12,96,0,1,18494
68,1,6,90,1,2,8078
145,2,4,73,1,2,20138
57,1,8,70,1,1,25505
10,2,6,87,0,1,43989
114,1,6,50,0,2,16977
120,0,4,47,0,1,60013
101,1,16,51,0,2,40593
125,1,8,74,1,1,33022
88,0,6,84,0,2,12218
116,2,8,73,0,2,13729
58,2,16,52,1,1,10723
154,0,6,66,1,2,17773
177,1,4,47,0,2,57510
42,1,8,86,1,2,59438
53,1,4,95,0,2,9765
161,3,16,60,0,1,41572
76,2,16,80,0,2,22067
100,1,8,50,1,2,13649
71,2,16,61,1,1,27114
172,1,12,60,0,1,46759
56,0,8,67,0,2,37340
156,0,12,42,1,2,22539
81,2,16,46,0,2,48593
199,2,8,53,1,1,53022
12,0,12,54,1,2,40910
107,3,16,48,1,2,67578
77,0,6,91,1,1,36135
97,1,6,82,0,2,67513
11,3,4,46,1,1,68765
133,0,6,51,1,2,50083
46,3,12,58,1,1,41051
170,3,6,66,0,2,64244
136,3,8,57,0,2,39246
31,2,8,52,0,1,24767
64,0,8,82,0,1,58730
107,2,6,40,0,2,36448
77,2,6,77,1,1,27329
48,1,4,60,0,1,53242
189,1,16,73,0,1,23367
181,3,4,52,1,2,8623
67,3,12,84,0,2,41312
115,1,8,90,0,1,15586
195,1,6,80,1,1,25297
64,0,16,90,0,1,67481
38,3,16,62,0,2,26927
91,3,6,40,1,1,69076
159,1,4,62,0,1,52955
43,0,16,96,0,2,26131
165,1,4,67,1,1,59315
159,1,6,98,0,2,23020
115,2,4,71,0,2,17235
113,3,8,47,0,1,40634
165,0,6,94,0,2,67523
93,2,6,65,0,2,17507
142,3,16,53,1,2,58529
170,1,16,63,0,2,35884
190,0,16,87,1,1,13708
21,3,8,68,0,2,32798
127,1,8,43,0,1,12531
145,2,12,57,1,2,39782
87,0,6,53,1,2,53382
151,3,16,66,1,1,37904
189,2,6,80,0,2,26537
113,1,4,86,0,1,43467
77,1,8,42,1,2,27704
51,3,12,69,0,2,8566
80,1,4,98,0,1,59194
52,0,6,75,0,2,33205
191,3,8,62,0,2,40605
114,2,16,57,0,1,43503
91,3,4,85,1,2,62625
89,3,8,86,0,2,18709
114,2,6,79,1,2,25108
192,1,6,99,0,2,36936
28,2,4,49,0,2,64971
185,0,4,95,0,1,61200
168,1,4,51,0,1,64132
14,3,12,92,1,2,60050
77,1,16,80,0,2,42232
134,1,8,47,0,2,33883
150,0,6,71,1,1,23120
167,1,6,56,0,2,50914
155,1,16,80,0,2,53754
150,1,4,84,0,2,54798
183,3,4,53,1,2,56786
156,1,6,76,0,1,46382
177,2,16,48,1,2,31473
161,1,6,96,1,2,40921
127,0,4,97,0,2,63915
135,1,8,65,0,2,47227
149,1,4,87,0,2,37995
64,3,8,90,0,2,52471
172,2,12,63,1,2,28450
65,1,16,62,0,1,41578
28,2,12,70,0,2,57302
89,0,4,78,0,1,16137
76,3,16,83,1,1,23765
138,2,4,97,0,2,34798
94,3,16,41,0,2,17270
172,1,16,89,0,2,8778
56,0,4,57,0,1,54390
154,3,4,55,0,1,28633
122,1,16,68,0,1,61120
96,2,16,50,0,2,48435
92,0,4,41,1,2,22307
135,0,4,53,1,1,45364
147,2,6,43,0,1,15357
196,2,6,78,0,2,10553
176,0,6,73,0,1,36820
168,3,12,92,1,1,28487
185,0,16,85,0,1,21971
124,2,8,78,0,1,30188
134,3,12,48,1,1,20880
78,1,16,79,1,1,39310
93,0,8,80,0,1,12564
40,2,6,46,0,2,47232
88,1,8,90,1,1,31099
159,0,4,56,1,2,37122
68,0,4,97,1,2,28062
68,3,16,62,1,1,22135
105,2,12,84,0,2,20415
35,1,6,50,0,1,11705
193,0,16,61,1,2,44126
50,3,6,57,0,2,17044
176,1,4,88,0,1,44950
174,1,12,67,1,2,28349
93,0,12,55,1,1,45968
184,1,4,81,1,2,45397
24,0,8,43,0,1,68667
105,3,12,75,0,1,30717
105,3,8,61,0,2,64917
72,1,6,50,1,1,46371
81,0,12,60,0,1,12474
92,2,4,96,1,2,16647
12,3,8,79,0,1,22190
9,0,6,80,1,2,47943
29,0,6,55,0,2,53373
119,0,12,81,0,2,22669
64,1,12,94,1,1,40997
73,2,16,48,1,2,31191
81,1,16,74,0,1,53563
105,3,12,96,0,2,40723
151,1,16,73,1,2,62746
119,0,4,48,0,2,45787
186,1,4,52,0,1,44245
132,0,16,45,1,2,60510
174,2,12,43,1,1,23304
93,1,4,99,0,1,25143
83,1,6,85,1,1,50750
95,1,12,67,0,1,69885
175,0,8,100,0,1,42134
45,0,8,50,1,2,32900
195,1,12,73,0,1,58028
66,1,16,100,0,2,8166
145,2,4,97,0,2,28048
106,2,4,74,0,1,64615
199,3,12,44,0,2,65924
70,2,6,96,1,2,15350
56,2,16,78,1,1,37510
199,2,6,50,0,1,46463
39,0,12,51,0,2,67143
142,2,12,100,1,1,38534
28,2,6,82,0,1,66453
27,1,8,58,1,2,52587
161,0,12,52,1,1,68197
134,3,16,43,1,1,65204
75,3,6,53,0,1,33748
117,2,8,83,0,1,49731
123,3,6,98,0,1,8927
150,3,8,41,0,1,56950
127,3,8,47,1,2,19100
86,2,16,61,0,1,21243
123,3,12,90,0,2,38778
99,2,8,52,0,2,49565
21,1,12,60,1,2,20098
162,1,16,60,0,2,61252
132,3,12,67,1,1,61246
175,1,4,72,0,2,55186
65,2,8,68,0,1,64135
35,1,16,76,0,2,55652
33,3,6,61,0,2,54558
120,2,16,97,0,1,64346
198,0,8,65,1,1,39244
73,2,16,98,0,2,33577
160,1,6,50,1,1,28357
138,0,4,50,0,2,64896
51,2,8,84,0,1,8413
104,0,8,73,1,1,37386
49,0,16,58,0,2,30312
13,0,12,87,1,1,26398
174,2,12,97,1,2,50447
187,1,6,76,0,1,66126
30,2,4,53,0,2,16718
96,1,4,68,0,2,8000
130,2,16,58,0,2,49230
185,2,16,76,0,1,43299
178,2,12,60,1,2,25455
154,1,4,63,1,2,66037
58,2,4,65,0,1,55078
18,0,4,80,0,2,23542
19,2,6,95,1,2,60039
81,0,6,51,1,2,63668
15,3,16,87,1,1,19770
159,3,12,58,0,1,65057
48,1,8,86,0,2,55773
171,1,12,88,1,1,42763
92,3,6,69,1,2,11577
79,2,6,54,0,1,55675
62,2,16,42,1,2,63361
144,2,8,88,0,2,42477
54,3,4,52,1,2,22322
150,0,8,98,0,1,59251
183,1,8,48,1,2,46885
111,0,8,99,1,2,65813
49,3,16,52,1,1,59442
67,0,6,55,1,1,16528
19,2,4,90,0,2,15970
137,2,8,53,1,1,25139
14,0,4,47,0,2,39864
87,3,8,93,1,1,51561
138,0,6,58,1,1,17911
116,2,4,96,0,2,15212
10,2,12,95,1,2,42867
34,3,6,71,1,2,41180
121,0,4,74,0,1,36188
114,2,8,62,1,2,55672
47,2,8,60,1,1,56625
168,0,6,57,1,2,24146
136,0,6,87,0,2,68624
15,1,8,53,1,2,61255
108,3,4,55,0,1,10993
167,3,12,63,0,2,19654
131,0,16,88,0,1,8246
183,3,6,91,0,2,64714
114,2,8,71,1,2,52738
108,0,4,50,1,1,47745
11,0,6,84,0,1,64658
117,0,4,50,1,1,32987
26,1,6,99,1,2,64247
39,3,8,100,1,2,38235
144,1,4,43,1,1,21656
19,2,8,100,1,2,23178
146,3,4,65,1,1,60519
53,1,6,85,0,1,36906
126,0,16,44,1,2,10689
23,1,16,75,0,1,41355
136,0,12,72,1,2,9468
70,1,12,53,0,1,8232
116,1,8,71,1,2,47653
126,1,4,46,0,1,65163
28,0,12,49,0,2,22232
165,1,6,98,1,1,31524
20,3,16,41,1,2,42654
169,3,4,49,0,2,24693
11,3,16,74,1,2,32464
163,0,4,60,1,1,33519
109,0,12,79,1,2,33483
66,3,12,81,1,1,10748
135,3,8,47,0,1,51485
34,3,4,85,1,1,9600
76,2,6,57,1,2,51059
32,3,12,48,1,1,57697
138,1,8,93,1,1,67692
104,2,12,80,0,2,11823
32,2,16,69,1,2,51648
155,0,12,43,1,2,60466
169,1,4,74,1,2,37027
161,0,8,53,0,1,45698
133,0,4,53,1,1,13729
140,1,6,92,0,1,65143
196,0,6,87,1,1,46329
16,1,12,76,1,1,53932
123,1,8,59,0,2,23066
185,0,8,68,0,1,58993
141,3,8,62,1,2,26020
67,0,8,95,1,2,21430
179,2,12,86,1,1,48344
128,0,4,60,1,1,58827
146,1,12,70,1,1,9790
182,2,4,71,0,2,11144
115,1,16,80,1,2,52480
115,3,16,46,0,2,47735
138,3,4,52,0,1,67185
83,2,12,100,1,2,38166
37,3,6,62,1,2,57307
28,3,12,47,0,2,31298
163,0,6,51,0,2,49893
197,0,12,75,1,1,33151
168,3,8,55,0,2,66677
170,3,8,65,0,1,60259
187,0,16,68,0,1,45111
41,3,16,68,1,1,50411
48,3,4,45,1,1,62315
58,1,6,76,0,2,28932
182,3,8,72,0,1,46006
89,2,12,70,1,1,64668
65,1,4,85,1,2,47604
82,2,12,100,0,2,21196
192,3,8,80,1,2,8939
30,0,8,57,1,2,19651
183,1,8,77,1,1,17285
135,0,8,86,1,2,15090
157,1,12,70,1,2,61093
24,0,4,55,0,1,35077
76,1,8,79,0,1,12362
115,1,16,90,1,2,55834
146,2,4,76,1,1,58613
101,0,16,53,1,2,67757
22,2,12,78,1,2,52733
98,2,8,43,0,1,32319
170,0,4,69,0,1,33786
40,1,8,99,1,1,27682
132,2,8,92,1,1,57212
23,0,4,72,1,2,10215
169,1,8,75,1,2,14275
73,2,8,69,1,1,69594
175,2,6,53,0,2,51791
163,2,6,62,0,1,12817
54,1,4,87,1,2,28486
174,2,4,67,1,2,20810
155,1,8,97,0,2,46599
131,3,16,46,0,2,57402
8,2,4,81,0,2,58751
94,3,8,49,1,2,23027
135,0,16,43,0,1,38335
198,2,6,83,1,1,15429
74,0,4,77,1,1,26551
11,0,8,52,0,2,30575
193,0,6,60,1,1,19332
160,3,12,72,0,2,38584
54,1,6,79,1,2,50245
45,3,8,67,0,2,23077
150,3,16,62,0,1,50747
198,0,12,71,0,2,25852
28,2,12,87,0,2,61185
64,1,12,44,1,1,58654
124,0,4,100,0,1,66598
188,1,8,97,0,1,69663
53,3,12,65,0,2,14600
149,1,6,78,0,2,12814
152,1,16,65,1,1,68244
46,2,8,42,0,2,52397
144,0,6,63,1,2,13044
106,1,4,92,1,2,24411
84,1,12,73,1,1,32282
122,3,6,73,0,2,49860
141,3,8,59,1,1,49808
158,1,6,94,0,1,8100
194,0,4,69,0,1,67449
98,1,16,81,0,2,23383
105,1,12,59,1,2,28894
127,2,8,80,0,2,64546
53,0,12,57,1,1,44008
45,2,12,77,1,1,56616
149,0,12,59,1,2,19509
107,0,6,45,1,2,54915
79,0,6,97,0,1,40766
197,2,16,96,0,2,9488
42,2,4,81,0,1,42221
154,2,8,99,0,1,58953
37,3,6,64,0,1,69860
85,2,12,80,1,1,16084
91,3,4,80,1,2,36692
120,3,8,42,1,1,37307
32,3,8,83,0,1,52400
175,1,8,82,1,2,45327
95,1,8,85,0,1,14240
21,1,16,96,1,1,15817
161,3,8,58,1,1,42283
109,3,4,49,1,1,52881
157,0,6,90,0,2,23712
183,3,4,44,0,2,23964
90,1,12,61,0,2,35742
117,3,16,48,0,2,65367
186,3,16,72,1,1,65739
138,0,12,54,0,1,42195
177,3,4,63,0,2,14085
26,2,4,69,1,1,40391
35,0,12,75,1,2,38541
180,3,8,97,1,1,52164
78,3,8,78,0,2,55157
70,0,6,45,1,2,25397
80,3,4,54,1,2,48047
131,1,4,77,0,2,69861
126,2,12,78,1,1,44994
128,2,12,91,0,1,49379
26,1,8,61,0,1,11349
182,3,4,42,0,2,55879
149,3,4,92,1,2,46844
127,2,16,68,1,1,20157
173,3,6,68,1,1,64909
188,2,6,70,0,1,45955
68,2,8,84,1,1,21885
171,1,4,41,0,2,50386
175,2,16,74,1,2,15018
37,3,4,84,0,1,28654
16,3,12,48,0,1,21591
71,0,8,61,0,1,16655
168,3,6,58,0,2,8389
127,0,4,89,0,1,47659
59,2,8,76,0,2,24519
96,3,6,49,0,2,43224
149,1,4,85,0,1,26655
60,1,16,60,0,1,65944
194,1,8,56,0,1,31497
85,2,4,42,0,2,33194
48,2,6,46,0,1,17768
75,0,6,80,1,1,36345
15,1,16,76,1,2,63248
9,0,8,75,0,2,64507
112,0,8,42,1,2,19117
132,3,4,97,0,1,46274
117,3,6,52,1,2,65352
93,1,6,80,0,2,17395
176,2,16,69,1,2,17913
127,3,16,62,0,2,64763
134,2,8,99,1,2,16785
190,0,6,46,0,1,19952
23,0,4,69,1,2,49565
69,0,12,68,1,2,30404
120,0,4,47,1,2,42237
183,1,16,49,0,1,22451
165,0,4,72,1,1,58847
19,3,6,98,1,2,38964
42,0,8,59,0,2,42074
18,2,12,68,0,2,13332
71,3,8,68,1,2,34263
57,2,12,92,0,1,46565
156,2,12,60,1,1,55554
76,1,6,40,1,1,28367
55,1,6,90,0,2,19918
27,2,16,73,1,2,50008
108,2,16,83,1,1,26119
179,0,12,94,0,1,61480
168,3,16,71,0,2,27743
196,0,6,84,1,1,16876
144,1,16,53,1,1,14327
75,1,12,76,1,1,55354
42,0,8,74,0,1,34914
72,3,4,98,1,1,33524
15,2,16,63,1,2,47709
52,0,6,88,1,2,36006
94,1,8,40,0,2,18863
182,3,6,85,1,2,41072
175,1,16,45,1,1,10397
83,3,12,88,0,2,67344
189,3,4,43,0,1,23698
83,3,4,77,1,1,30451
181,0,8,40,0,2,43294
54,0,4,100,1,2,54544
22,0,12,80,1,2,47927
112,3,6,70,0,2,20417
154,3,12,75,1,1,40954
33,1,8,48,1,1,40239
59,2,8,80,1,1,9564
100,0,4,100,1,2,47581
157,3,12,93,1,2,42677
28,1,6,84,0,1,34858
58,1,12,62,1,1,49237
45,1,6,70,1,2,39845
27,0,6,68,0,2,25866
164,0,12,88,0,1,65056
186,2,16,60,0,1,29266
139,1,12,42,0,1,31362
62,0,6,97,0,2,54311
99,1,8,65,0,1,50837
35,3,8,100,0,1,55377
11,1,4,45,0,2,20652
157,2,8,59,1,1,21789
83,0,16,86,1,1,57088
180,3,6,100,0,1,20755
74,0,12,85,1,2,50608
93,3,12,52,1,2,42692
169,1,16,80,1,1,38667
98,1,8,62,1,2,10698
190,2,6,54,1,1,52759
112,2,8,85,0,1,55929
8,3,4,70,0,2,66641
79,2,8,43,1,1,66695
94,2,4,100,0,2,51868
173,2,12,50,1,2,34807
13,2,6,93,1,1,23253
160,1,4,41,1,1,22135
152,2,8,55,0,2,34604
68,1,8,90,1,2,66561
19,1,12,70,1,1,24655
13,0,16,87,1,2,58475
34,1,16,98,0,1,48519
143,1,8,78,1,1,43011
131,2,16,82,0,2,23117
113,1,6,83,1,1,27336
200,3,16,43,1,2,24714
192,2,6,87,1,1,46639
100,2,8,67,0,1,60709
116,2,8,97,1,1,18859
106,0,8,55,1,1,18738
175,2,12,78,1,1,19663
149,1,16,64,1,1,48332
42,3,4,52,1,2,9827
183,2,4,44,1,2,18027
91,2,8,69,0,1,39843
63,3,16,40,1,2,67472
184,2,6,44,0,2,32333
148,0,4,93,1,2,53916
196,1,8,53,0,2,15184
56,3,4,50,1,2,32256
53,3,4,73,0,1,56339
120,0,4,95,1,1,52896
197,1,8,68,0,1,26557
143,0,8,57,1,1,38517
50,1,12,54,0,1,44477
155,0,12,85,1,2,8129
131,2,12,64,1,2,24016
104,0,4,69,1,1,63039
97,3,16,84,0,1,9558
46,3,8,41,0,2,18453
92,3,12,90,0,1,27584
184,0,16,79,1,1,21835
199,3,12,66,0,2,44492
69,3,12,93,1,1,60685
113,2,16,88,1,1,62217
114,2,12,54,1,1,67147
61,1,4,71,1,1,52088
133,1,4,59,1,1,12693
16,1,4,92,1,2,56401
95,0,6,53,1,1,33190
44,1,12,66,0,1,68754
56,0,6,42,0,2,40605
48,0,8,88,1,1,29646
24,1,16,42,1,1,53478
95,1,8,52,0,2,34957
28,0,6,64,1,2,59016
58,2,4,57,0,2,24324
66,3,12,40,1,2,67296
174,3,12,78,1,2,57839
190,3,4,100,0,1,31684
48,2,12,94,0,2,52887
46,0,16,44,1,2,47175
148,1,16,41,1,2,45010
199,0,16,69,0,2,52467
18,0,8,56,0,1,18251
154,1,4,68,0,2,30343
146,2,16,92,1,1,30407
84,3,6,81,0,1,14198
134,3,16,43,1,2,38949
53,0,8,48,0,1,57107
52,2,6,60,0,1,54201
8,3,4,82,0,1,35484
175,2,4,97,0,2,35880
115,1,16,51,1,2,18401
26,0,6,51,1,1,42385
83,0,6,89,0,2,46848
79,2,16,43,1,2,53002
196,3,16,100,1,2,54638
116,2,12,67,1,1,9899
19,1,12,48,0,2,23138
196,3,16,79,0,2,42802
168,3,8,90,1,1,52531
52,2,12,95,0,2,21983
97,1,16,71,0,1,30706
110,3,6,52,0,2,48297
15,0,12,73,0,2,15375
160,1,8,58,1,2,28357
98,3,4,53,1,2,35528
181,2,6,44,0,1,37223
94,3,8,66,1,2,57877
165,0,8,67,1,1,44271
182,1,8,65,1,1,52487
184,3,6,49,1,2,56631
182,0,8,63,1,2,16031
91,3,4,56,0,2,33753
89,3,12,91,1,2,36661
153,1,6,55,1,2,19601
75,2,8,56,0,2,26724
168,2,16,40,0,2,18675
134,0,12,99,0,2,47307
171,0,6,60,1,2,53221
89,0,16,93,1,1,60193
154,1,16,86,0,2,36099
163,2,8,88,1,2,37455
175,0,6,82,0,1,31484
91,0,8,61,0,2,58711
120,3,4,44,1,2,57101
83,3,16,75,0,1,24784
129,0,4,97,1,2,44978
150,3,8,60,0,1,37022
48,3,12,95,0,2,27715
174,3,16,48,0,2,35441
9,1,12,66,1,2,45739
198,0,6,87,0,1,25633
36,0,16,51,0,1,65957
112,3,4,57,0,1,56613
58,1,12,93,1,1,12226
82,3,6,74,1,2,30791
17,1,16,54,1,1,30027
149,0,6,89,1,2,42722
58,3,4,83,1,2,31361
125,0,16,69,0,2,69620
128,1,6,84,0,2,49308
46,2,8,72,0,2,51478
35,1,16,75,0,1,65504
10,2,16,79,1,2,49073
91,0,16,90,0,2,14161
162,0,16,92,1,1,64423
124,3,8,69,1,2,39929
9,2,4,65,1,1,46229
100,1,8,60,0,2,17677
173,0,8,76,1,1,9628
138,2,6,82,0,2,15980
151,1,12,96,1,2,45006
101,2,12,70,0,1,39374
47,1,6,95,0,2,54892
9,1,8,95,1,2,19875
88,1,6,100,1,1,30980
176,1,16,100,0,1,26882
19,2,6,56,0,2,42763
170,2,6,56,1,1,18301
72,3,16,73,1,2,8595
62,2,12,63,1,1,25323
52,2,16,97,0,1,58451
108,3,4,72,1,1,69094
69,2,6,43,0,2,29798
56,1,6,48,1,2,66496
134,0,12,41,1,2,69803
160,0,8,74,1,1,54146
30,3,16,98,0,2,34670
159,2,8,77,0,2,43784
45,2,4,84,0,1,17589
35,3,16,54,0,1,43637
28,0,4,82,1,2,53715
189,1,4,81,1,2,23097
114,2,4,42,1,2,50120
153,3,16,70,0,2,56222
171,1,16,91,0,2,14381
106,3,12,80,1,1,33371
180,3,6,96,1,2,56959
126,3,8,81,0,2,44898
80,0,8,92,0,2,64615
188,0,4,94,0,1,38588
129,3,16,96,0,1,10917
37,2,16,95,1,2,35115
195,1,4,98,0,2,12353
115,2,6,62,1,2,18626
105,0,8,51,1,2,12365
39,1,12,47,1,1,34576
163,3,6,92,0,2,55970
179,2,16,60,1,2,27502
86,2,4,60,1,2,31133
48,3,8,71,1,1,51701
70,2,4,56,0,1,17145
30,0,16,93,1,1,34301
111,3,4,76,1,1,66854
82,2,8,63,1,1,50546
55,3,4,47,0,2,26125
167,1,8,57,0,1,56943
64,3,4,50,1,2,10458
125,2,4,93,1,2,35468
107,0,8,99,0,2,67318
131,3,4,98,0,1,47123
168,3,6,49,0,1,66736
159,2,12,65,1,1,54000
174,0,6,86,0,2,15063
41,0,12,45,0,2,44105
191,1,6,90,0,1,63430
163,1,12,56,0,1,14003
172,2,4,62,1,1,19024
14,0,8,81,0,2,25173
172,0,8,76,1,2,14458
63,1,16,67,0,1,49259
72,1,12,55,1,2,69194
200,2,16,51,1,2,25705
54,0,16,97,1,1,63574
155,3,12,60,1,2,61621
26,1,8,98,0,2,55035
164,2,12,63,1,2,48423
195,0,4,67,1,1,10109
153,0,16,76,1,2,64174
170,1,16,60,1,2,21365
178,2,12,72,1,1,59537
133,3,16,41,0,1,44214
146,1,8,76,1,2,23212
56,2,16,94,1,2,37145
120,0,12,58,1,2,20399
45,3,8,67,1,1,13085
71,2,8,54,1,1,31820
76,3,16,40,0,2,22659
143,2,12,82,0,1,41386
169,2,16,67,0,1,29274
183,2,4,89,1,1,17074
123,2,4,74,1,1,9703
191,3,8,71,0,1,48521
72,1,16,67,1,1,18987
38,3,4,48,0,2,37780
139,2,6,63,1,2,59571
120,3,4,43,1,2,52788
116,3,16,95,1,1,33083
185,3,16,84,0,2,30755
76,2,4,80,0,2,18227
165,3,16,42,0,1,42185
127,0,16,87,0,2,46926
95,2,6,61,0,2,15148
194,3,8,79,0,2,43628
74,0,16,97,1,2,38900
82,3,12,78,0,1,19771
52,1,8,96,0,2,10385
11,3,8,94,0,1,66630
161,3,12,88,0,1,8925
162,1,4,64,1,2,46989
181,2,6,99,0,1,40996
114,1,16,87,0,1,58920
199,2,4,92,0,1,23389
58,1,12,61,0,1,34997
57,3,6,89,1,2,37488
13,3,6,87,1,2,52216
66,2,6,86,1,1,30975
132,2,12,73,0,1,53924
150,0,4,100,0,1,45310
37,0,16,59,0,1,14575
177,3,6,75,1,2,48104
129,3,6,76,1,1,35728
132,0,4,78,0,2,45661
44,0,6,100,0,1,33809
177,2,6,66,0,1,48194
131,1,12,99,1,1,51995
108,2,8,86,0,2,10596
42,0,4,88,1,2,66653
94,3,4,71,1,2,15221
141,0,4,81,1,1,65812
25,3,12,91,1,2,67760
120,3,12,68,0,1,69139
36,3,16,80,1,1,33429
84,3,12,87,0,2,46883
66,1,4,71,1,1,25507
182,0,16,63,0,2,42388
133,2,8,42,1,1,68375
152,3,6,93,1,1,28358
116,3,6,66,1,1,65095
29,2,16,48,0,1,60181
75,2,8,79,1,1,22933
76,3,6,62,1,2,54654
172,2,16,46,1,1,42238
56,2,12,56,1,1,56319
148,1,4,76,0,2,18653
169,2,8,46,0,2,65436
116,0,6,69,0,1,58428
93,0,4,52,0,2,69065
60,0,16,57,1,1,23300
130,3,6,70,1,2,37232
94,0,4,61,1,2,17848
186,1,12,53,0,1,11110
138,0,8,57,1,2,45409
49,3,16,74,0,1,27813
105,1,6,56,0,1,15176
167,0,12,58,0,1,16379
116,1,8,70,1,2,53663
58,1,8,78,1,1,14788
92,3,12,92,1,2,14282
181,3,6,75,0,1,67689
134,1,8,54,1,2,66447
28,0,16,68,1,2,54682
51,3,4,99,0,2,13375
146,1,16,95,1,2,40403
110,2,8,79,1,1,26610
75,2,4,55,0,1,58432
136,3,12,72,0,1,61465
99,0,4,64,1,1,61245
198,2,4,55,0,2,67658
31,2,4,69,1,1,9340
132,2,8,96,1,2,65934
148,0,6,73,0,2,49638
118,0,8,41,0,1,49575
105,3,6,79,0,1,15983
146,3,12,83,0,1,49809
186,2,12,82,1,1,42775
24,0,12,77,0,1,56411
106,1,12,90,0,2,40088
89,2,12,99,0,1,53782
111,3,16,57,0,1,61322
159,0,8,44,1,1,35360
26,3,6,86,0,2,16527
172,3,12,79,0,1,33379
92,0,16,45,1,2,54661
15,2,16,51,0,2,16554
35,0,16,90,1,2,14333
12,2,8,51,1,1,48407
152,3,12,51,1,2,26405
108,0,16,48,1,2,54185
171,1,16,95,0,2,63365
125,2,12,81,1,1,10569
154,1,8,61,0,2,31765
71,2,16,88,1,1,35606
98,0,6,89,1,2,55620
124,1,4,55,0,2,59227
105,0,4,43,0,1,19578
18,2,4,89,1,2,66248
61,2,8,42,0,2,46822
180,2,16,55,1,2,56880
54,2,4,53,0,1,38202
147,3,4,95,1,1,22427
156,2,12,80,0,1,32381
146,1,16,77,0,2,45226
12,2,16,43,1,2,26469
191,0,12,98,1,2,27095
27,3,16,41,1,1,47615
176,1,6,94,0,1,60856
53,3,8,49,0,1,39210
19,3,12,50,1,2,13802
77,3,4,78,0,1,45997
24,0,16,65,1,1,57295
122,3,6,96,0,2,19841
154,3,6,76,0,1,23169
161,2,8,65,0,2,44036
55,0,6,43,1,2,50029
115,1,16,65,0,1,54651
59,1,16,77,0,1,42953
103,1,6,67,0,2,26921
77,0,16,41,0,1,55505
190,1,16,41,1,2,14745
109,0,4,55,0,1,39443
82,2,12,99,0,1,23016
168,2,16,96,0,2,21219
197,0,16,62,0,2,55728
158,1,8,62,1,1,37012
150,0,12,52,0,1,30081
162,0,12,60,0,2,8301
199,3,12,78,0,1,26549
186,0,6,64,0,1,42528
188,3,4,97,1,1,20438
89,2,4,76,0,2,13286
99,3,8,96,0,1,43422
186,0,12,88,1,1,29251
182,2,12,52,0,1,66792
11,3,16,54,1,2,38466
142,0,6,67,0,2,45860
116,2,6,42,0,1,14580
170,3,8,62,0,2,25015
55,0,4,43,0,2,56201
80,0,12,86,0,1,65705
79,1,8,89,0,1,20383
123,1,6,99,0,2,36963
180,3,6,42,0,1,23536
88,3,6,78,0,1,42842
88,3,12,47,0,1,23156
120,0,12,82,0,1,12400
103,3,12,64,0,2,59922
79,0,16,93,1,2,51877
154,3,4,97,0,1,33344
70,0,6,80,1,1,66329
45,0,6,91,1,2,56045
74,1,16,51,0,1,40573
194,2,6,44,1,1,32780
76,0,6,72,0,1,66210
20,3,12,85,0,2,62262
182,1,12,64,1,1,67969
196,3,4,64,1,1,8661
38,3,6,96,1,1,8678
121,0,8,74,0,1,14363
29,0,6,100,1,1,41067
100,2,6,54,1,2,24641
178,0,4,81,1,1,27146
74,0,8,65,0,2,41007
61,2,6,49,0,2,65146
145,3,8,63,1,1,60452
49,2,12,74,1,1,52505
71,2,12,68,1,1,31707
133,2,8,77,1,1,59417
28,1,6,44,1,1,35088
176,3,8,63,1,1,45058
159,1,8,58,1,1,38989
42,1,12,85,0,1,13647
191,0,8,88,1,1,22064
37,2,16,83,1,1,65083
64,2,16,48,0,2,47474
54,1,12,65,1,1,53411
170,0,6,64,0,1,63835
26,0,6,74,1,1,39195
121,0,12,89,0,2,53620
15,3,6,75,1,2,36979
33,1,4,53,1,2,47539
120,3,16,95,0,1,65752
78,0,4,45,0,2,31992
37,0,4,71,0,1,41288
142,0,4,65,1,1,13642
74,2,12,54,1,2,67876
72,1,4,88,1,1,54698
43,2,8,70,1,2,11884
32,3,6,95,1,2,59028
44,2,12,76,0,2,56385
8,1,8,100,1,1,43509
150,2,8,77,0,1,39649
44,0,16,92,0,1,21481
148,3,16,97,1,1,44300
143,3,8,76,1,2,38532
140,0,16,58,0,1,41418
195,0,6,53,1,2,19036
135,0,6,75,0,1,10158
134,1,16,76,1,2,27035
8,2,4,50,0,2,51227
171,3,8,66,1,1,17220
42,2,6,41,1,2,17747
198,0,16,61,1,1,54692
111,0,16,41,0,1,48230
30,2,6,59,1,2,64777
16,3,6,83,0,1,32513
41,1,4,87,1,2,47806
181,2,16,56,1,1,49472
135,0,16,43,0,2,58387
11,0,12,53,0,2,24502
165,1,4,46,0,1,69824
109,2,6,54,1,1,57411
82,1,6,69,1,2,13518
106,1,8,55,1,1,58350
79,3,6,79,1,2,48349
10,3,16,41,1,1,14277
149,0,6,58,1,2,18341
195,2,16,40,1,1,59584
180,3,16,70,0,2,55558
41,0,4,94,1,1,31613
52,2,6,43,0,1,8959
68,0,4,66,1,2,60100
90,3,16,97,0,2,57717
130,0,6,95,0,2,13936
109,2,6,92,0,2,36678
23,2,4,64,1,2,21155
73,0,4,61,0,2,31042
175,2,16,82,0,1,26763
152,0,16,49,0,1,19642
126,2,6,89,0,2,49404
169,0,6,72,1,1,63630
131,0,12,88,1,2,27923
151,0,12,87,1,1,24296
109,1,8,83,1,2,59860
195,2,16,99,0,2,26719
73,3,8,69,1,1,17227
20,0,8,69,0,2,11044
191,1,4,55,1,1,56231
118,3,4,48,0,1,64942
166,0,12,56,0,1,42054
41,3,8,74,0,1,17650
46,1,12,99,0,1,18412
143,3,16,89,1,1,42398
127,0,6,86,1,1,39040
133,3,4,54,0,1,28411
62,3,16,87,0,1,56842
34,0,16,67,1,1,27500
125,1,4,59,1,2,46433
60,1,4,72,1,1,22546
46,3,8,72,0,1,35530
72,2,12,75,0,2,21024
152,3,16,100,0,2,37088
165,2,8,52,0,2,57415
188,3,8,43,1,2,30828
20,1,16,62,0,1,46343
28,3,16,47,1,1,31777
154,3,6,52,0,1,44967
60,2,12,63,1,2,62234
26,1,16,79,0,2,16412
64,2,4,85,1,1,57485
32,3,6,69,1,2,69857
38,0,12,99,0,1,50284
88,3,4,69,1,2,68026
190,3,4,64,1,2,54564
30,2,12,72,1,1,66304
39,0,6,48,0,1,50440
197,0,4,65,0,1,41203
81,2,8,63,0,2,59593
17,1,12,72,0,2,31261
61,0,12,78,1,1,8042
59,0,16,64,1,1,55313
155,2,6,91,0,1,25349
167,1,8,84,1,2,36682
121,1,8,54,0,2,8215
21,3,16,100,0,1,19427
185,3,4,80,1,1,28704
163,2,4,87,0,1,38432
117,1,8,88,1,2,10705
60,2,6,80,0,2,24062
159,3,4,45,0,1,49732
86,2,12,59,0,2,58974
29,2,16,83,1,1,28495
37,0,6,55,0,1,37704
198,0,4,99,1,1,39233
11,0,8,60,0,2,63588
66,3,16,54,0,1,35731
15,2,4,78,1,1,16122
19,0,8,81,1,2,68624
126,0,4,100,1,1,16249
166,0,16,43,1,1,37656
41,3,12,63,1,1,12946
89,3,12,42,1,1,38207
105,2,8,89,0,2,19881
134,2,12,40,1,2,12743
82,2,16,69,0,1,26227
112,0,8,52,0,2,62602
56,1,4,93,0,2,57612
86,3,6,57,1,2,69004
192,0,4,79,0,2,17160
100,0,16,50,0,2,40068
161,2,8,81,0,2,21521
25,2,4,68,1,2,60967
103,0,8,43,0,2,15292
45,3,12,64,1,1,68083
94,3,6,75,0,1,15629
95,0,16,75,1,1,8289
57,1,4,100,1,1,35861
15,1,6,83,0,1,23791
176,3,16,79,0,1,50080
141,2,16,67,1,1,30776
76,1,12,84,1,1,40246
179,1,8,47,1,2,33308
128,2,8,60,0,1,63820
71,1,6,74,0,1,27960
164,0,12,83,0,2,65137
163,1,16,57,0,2,23450
146,2,12,86,0,1,47616
128,0,12,64,1,1,11782
72,1,6,85,1,1,47683
114,3,8,80,1,2,53631
154,0,12,44,1,1,12937
144,0,12,100,1,2,18983
162,3,12,86,1,1,38434
169,3,4,47,0,2,18230
179,1,12,62,1,2,38886
107,1,12,42,0,2,39994
89,2,16,83,0,1,19710
150,2,4,76,0,1,54265
58,0,12,70,0,2,69199
148,3,12,68,1,2,28442
90,3,6,80,1,2,69779
184,2,6,59,0,1,52477
119,0,4,42,0,2,39881
63,0,16,62,1,1,26540
186,2,4,79,1,1,60029
172,2,4,60,1,2,65286
152,2,6,52,0,2,55529
193,1,6,47,1,1,66411
164,0,16,44,1,1,12437
168,0,12,64,0,1,52010
67,0,16,78,0,2,11920
127,2,12,76,1,1,22713
190,2,8,100,0,1,9127
145,2,6,80,0,2,63753
182,2,8,44,0,1,61219
30,3,8,47,0,2,17182
156,2,6,83,0,2,27870
20,1,8,43,1,2,45495
108,3,4,80,1,2,50385
168,3,12,99,1,2,13509
31,2,16,93,1,2,13481
115,0,6,61,1,2,34033
18,2,4,53,0,2,44222
24,0,16,58,1,2,58203
182,2,16,52,1,1,31658
32,2,16,74,0,2,38487
101,0,8,43,1,1,59739
28,0,8,72,1,1,27641
91,0,8,61,1,2,43010
147,0,8,40,1,2,12867
44,1,4,50,0,2,17063
49,0,8,55,0,1,63984
152,2,6,43,0,2,24511
108,2,16,68,0,1,46783
55,1,4,78,1,1,32681
110,0,8,83,1,1,38111
35,2,16,77,1,2,55455
48,1,4,63,1,2,42174
106,2,16,91,1,1,69138
54,1,4,48,1,1,60572
153,1,12,97,1,1,29984
112,3,4,47,0,1,34937
131,3,8,53,0,2,52554
20,0,16,54,0,2,24238
148,3,16,92,0,1,16182
107,1,16,61,0,1,40736
38,2,6,76,0,1,17192
137,2,6,54,0,2,19623
23,0,8,45,1,2,48256
144,3,12,40,1,1,20671
80,0,6,59,1,2,13097
173,1,4,80,1,2,44880
61,3,8,75,0,1,58545
191,0,12,41,0,2,9871
107,2,4,45,0,2,25473
116,2,16,41,0,2,21173
94,0,6,42,1,2,37808
180,0,4,46,1,2,24003
169,0,12,59,1,2,13535
144,1,8,88,1,1,61318
15,1,4,80,0,1,55004
14,2,8,93,0,1,35708
43,1,16,80,1,2,45307
25,1,12,90,1,2,60168
10,3,12,44,1,2,40057
35,1,6,64,1,1,18722
77,3,12,77,1,1,11315
179,1,4,57,1,2,61044
156,2,4,40,0,2,51524
35,0,4,64,0,2,9393
61,2,16,56,1,2,35668
189,1,12,85,0,2,18937
72,0,12,54,0,1,25104
107,0,4,44,0,1,12326
28,0,6,56,1,2,11597
20,3,6,60,0,1,45727
64,2,12,92,0,2,48526
56,3,12,94,0,1,32020
125,0,8,62,0,2,36341
61,2,12,82,0,2,68493
145,2,4,49,0,2,11880
60,1,16,56,0,2,20850
51,3,12,96,1,1,29248
54,3,12,40,0,2,23143
60,1,4,76,0,2,31057
81,3,8,87,0,2,16481
53,0,12,46,1,2,54297
20,0,6,51,0,1,40700
172,3,6,79,1,1,14243
109,1,6,89,0,1,47060
31,2,16,40,1,2,23744
9,3,16,59,1,1,52978
88,2,12,83,1,2,32970
107,1,12,70,0,1,8375
149,2,12,43,1,1,47013
145,1,16,65,0,2,46514
170,1,12,51,0,1,29261
160,0,4,61,0,2,26523
138,0,8,40,1,1,26358
118,1,6,40,0,2,51418
109,3,6,42,1,2,12501
24,0,4,92,0,2,30548
19,1,12,51,0,2,51639
189,2,16,93,0,1,30546
123,2,12,60,0,2,54615
31,3,12,52,0,1,68953
36,2,6,100,0,2,34776
178,2,6,52,0,2,53356
160,1,16,92,1,2,38571
129,2,6,80,0,2,32988
195,2,12,57,0,1,14345
97,2,4,99,1,1,63282
72,2,16,99,1,2,22474
91,1,4,72,1,1,55127
126,2,12,45,0,1,46923
163,3,16,64,1,2,30662
23,0,4,62,0,1,23271
182,3,16,63,1,2,25762
111,0,12,76,0,2,58245
99,3,16,65,1,1,54283
193,0,12,43,0,1,31519
34,0,16,77,0,2,40022
188,0,16,74,0,2,8710
177,0,6,88,1,2,36026
194,1,12,50,1,1,31845
182,3,8,75,1,2,60638
169,0,16,64,1,2,12892
172,3,4,59,1,2,60651
141,2,6,40,0,2,43995
142,0,6,69,1,2,66955
160,3,16,43,0,1,25114
40,1,8,62,0,1,30804
62,3,6,74,0,1,48200
193,0,12,81,0,1,46960
14,2,16,61,1,1,49569
64,3,16,70,1,2,67684
133,2,8,40,1,1,64340
19,1,12,98,1,2,25851
23,3,12,43,1,1,42326
50,3,8,58,1,1,51479
124,1,4,69,0,2,46025
142,1,12,40,1,1,24613
118,1,4,87,0,1,31365
58,0,4,58,0,2,13524
167,0,16,91,0,1,53412
82,3,16,60,0,1,49500
15,3,6,61,1,1,10874
52,3,16,89,1,2,66279
66,2,12,41,0,1,60244
139,1,12,45,1,1,48789
111,3,4,60,0,2,62882
164,1,12,72,0,1,68990
164,0,16,58,0,2,14957
105,1,16,66,0,2,27076
163,2,16,76,1,2,37198
86,2,8,68,0,2,19261
131,1,12,99,1,1,45992
179,2,6,67,0,1,35474
11,2,12,73,1,2,35983
97,0,12,40,1,1,20711
111,3,8,87,1,1,47534
144,2,12,64,0,1,18090
126,3,4,60,0,2,40771
140,1,16,73,1,1,20756
63,1,16,65,1,2,12759
103,2,8,75,0,2,36201
185,1,16,74,1,1,60086
82,0,4,62,1,1,45401
150,2,8,56,1,2,15361
39,2,6,86,0,2,59559
35,2,16,81,0,2,10567
29,1,12,51,0,1,66440
24,1,4,83,0,2,18177
66,2,4,59,0,1,43917
97,3,16,78,0,1,32211
113,1,6,66,1,1,40577
192,1,12,81,1,1,55171
33,2,6,100,1,2,54946
32,3,6,76,1,2,47606
145,2,16,59,1,2,9357
52,1,12,91,1,2,30612
90,2,16,50,0,2,29999
18,2,16,67,1,2,65422
188,2,4,41,1,2,34150
111,3,16,63,0,1,64625
75,2,8,55,0,2,9605
102,1,12,51,1,1,53211
163,2,4,55,1,1,15284
72,3,12,75,1,2,62127
56,0,4,41,0,2,35562
182,3,8,64,0,2,62721
59,2,16,68,0,2,57179
109,0,4,67,0,1,67254
189,2,4,49,1,1,53665
195,3,4,84,1,1,54029
64,0,8,62,1,1,25736
54,0,12,71,0,2,11734
166,2,8,70,0,1,15531
181,2,4,58,1,1,41186
33,3,4,54,1,2,53077
121,2,16,94,1,2,49220
12,0,8,72,0,2,26491
91,1,8,99,1,1,51944
59,1,6,56,0,2,14306
112,3,12,91,1,2,56241
61,2,6,75,1,1,12291
168,3,6,59,0,2,54124
185,1,12,48,0,1,22960
173,1,16,77,0,2,17096
162,2,16,42,1,2,42994
22,0,12,93,0,2,69197
68,2,12,41,1,2,48428
129,1,8,57,0,1,20612
28,0,8,62,1,1,55473
53,3,8,58,0,1,65911
141,1,8,46,0,2,54958
45,3,4,74,1,1,25162
69,0,4,99,0,1,66269
93,3,16,99,1,2,30642
197,1,4,89,1,1,39076
85,2,4,59,1,1,35814
53,3,8,59,0,1,64673
148,1,8,58,1,2,22450
10,1,12,80,0,1,19671
13,0,8,55,0,2,58767
100,1,12,77,1,2,9849
15,2,12,60,0,1,55901
179,2,4,68,1,1,42711
115,3,8,83,1,1,59522
168,3,4,99,1,2,48476
82,3,8,77,1,1,49001
84,3,4,84,1,2,60342
57,2,4,98,1,1,20861
18,0,4,63,0,2,32218
102,3,16,76,0,1,9820
163,0,4,68,0,2,16632
77,1,6,70,0,2,37884
176,1,6,84,0,2,55388
23,3,6,91,1,1,49063
75,1,12,78,0,2,8568
106,0,4,51,1,2,49416
55,0,6,69,0,2,8310
191,1,12,92,0,1,42675
71,3,6,43,1,2,17899
194,0,8,69,0,2,11455
97,0,16,44,0,1,58843
197,2,4,55,0,2,48100
83,3,16,66,1,1,12502
146,2,16,43,0,1,51852
108,1,8,47,1,1,24964
96,1,8,87,0,1,59167
25,2,8,47,1,2,64795
26,3,12,56,0,1,14862
62,0,6,85,1,2,12055
109,1,4,83,1,1,48351
125,3,8,42,0,2,35220
161,3,4,66,0,2,26244
141,1,4,91,0,2,19876
11,1,4,73,1,2,61027
115,3,8,84,0,2,48186
122,0,8,60,1,1,11291
36,2,6,82,0,2,35807
66,1,8,63,0,2,65530
132,2,8,83,1,2,10943
105,3,4,89,0,1,20219
24,2,6,80,0,1,50582
114,0,16,68,0,1,59663
50,3,8,78,1,1,34953
87,0,8,45,1,1,63644
169,3,16,95,1,1,31027
15,0,4,53,1,2,64986
148,3,6,89,0,1,26274
113,0,4,53,0,2,37161
15,3,12,76,0,2,56108
103,0,8,91,1,2,16471
101,3,12,63,0,2,41622
72,0,8,52,1,2,38530
178,1,12,40,0,2,13283
46,2,16,51,1,1,37676
88,3,8,90,1,2,24781
194,0,8,81,0,1,23427
91,1,12,63,1,2,37099
95,3,6,76,1,2,11503
93,3,12,59,0,2,40617
100,3,8,45,1,2,28854
93,2,8,51,1,1,20063
51,0,6,60,0,1,31543
144,0,4,42,1,1,60947
172,3,6,100,1,1,41399
81,3,4,66,1,2,24272
43,3,8,85,0,2,60188
108,1,16,92,0,1,20984
163,3,16,75,0,2,8927
177,2,12,56,0,2,24087
178,0,6,88,1,1,67371
177,2,6,85,0,1,34241
111,3,16,54,0,2,49037
73,1,4,78,0,1,45351
62,3,6,43,0,2,35817
183,3,4,56,1,2,25445
98,3,4,77,1,2,47478
29,3,4,50,0,2,23286
108,3,4,51,1,2,11361
162,0,12,86,0,2,39277
128,2,12,71,0,2,36842
100,1,16,66,1,1,29121
115,3,12,83,1,1,58851
148,1,6,82,1,1,13701
180,0,12,66,1,1,57443
17,2,6,88,1,1,63189
16,3,6,79,1,2,24964
189,0,4,83,0,2,37093
162,0,16,68,1,1,12200
41,2,4,48,0,2,39285
136,3,4,82,0,1,38101
167,2,12,42,0,2,8879
96,2,12,78,0,2,9482
100,1,6,68,0,2,39594
78,1,12,60,1,1,18487
74,2,12,74,1,2,15070
155,1,8,92,0,1,14452
124,0,6,87,0,2,36020
101,2,6,49,1,1,66473
170,3,8,62,0,1,13980
106,3,6,78,1,1,57466
120,0,16,64,1,2,16800
110,3,16,63,1,2,44693
98,3,8,59,0,2,51952
97,2,12,54,0,2,26970
24,0,16,60,0,1,10119
25,2,8,92,0,2,32953
180,0,16,81,0,1,64504
123,2,4,51,0,1,32709
100,2,8,57,0,2,11245
188,1,6,99,0,1,34392
98,3,16,62,1,2,64929
89,0,6,94,0,2,45256
75,3,8,80,1,2,43903
200,1,16,68,1,1,39715
121,0,6,80,1,2,61662
8,1,12,75,0,1,14546
65,3,12,44,0,2,9136
161,2,4,78,0,2,30592
116,1,8,65,1,2,26135
155,1,6,78,0,1,12961
123,2,4,50,0,1,47312
94,3,8,81,1,1,49249
17,1,12,50,0,2,66850
66,3,6,95,1,2,48355
48,2,16,95,1,1,22220
112,0,12,57,1,2,33914
140,1,16,51,0,2,23448
129,3,16,96,1,2,55862
200,2,6,55,1,2,51851
152,2,6,66,0,1,22996
29,1,16,75,1,1,47268
105,0,4,56,0,1,45741
176,1,16,88,0,1,64293
75,3,16,60,1,2,67328
146,2,6,94,0,1,25135
63,0,8,76,0,1,44357
186,3,12,70,0,2,8748
156,1,6,84,0,1,57516
106,2,4,74,1,2,24650
83,1,12,66,0,2,53461
33,0,6,62,0,1,28205
122,0,6,71,0,1,28618
154,0,8,56,0,1,50148
116,0,4,50,1,2,30297
195,0,4,40,1,2,47577
54,1,6,67,0,1,43945
78,0,8,57,1,2,60372
161,0,6,88,0,1,62681
47,2,16,80,1,2,35406
140,0,16,59,0,1,53926
156,2,8,46,0,2,25086
139,2,6,76,1,2,17890
30,2,8,55,1,1,56010
113,1,6,78,1,2,40968
91,1,6,84,1,1,36374
150,3,16,84,1,2,24195
123,3,12,86,0,1,59165
116,2,4,62,0,1,55323
143,1,4,71,0,1,21144
48,0,8,88,0,2,44309
119,3,4,56,1,1,22040
154,1,16,98,1,2,15155
119,0,12,58,0,1,18201
110,0,6,81,0,2,11505
53,1,6,73,1,1,68444
163,3,16,53,1,2,24109
75,1,4,94,1,2,44927
129,3,6,42,1,2,15080
22,2,4,78,1,1,21407
172,1,16,64,0,1,36313
136,1,6,99,0,2,31067
118,3,8,50,0,2,14653
31,3,12,88,0,2,67055
34,1,4,54,1,1,53306
47,0,4,58,0,1,34305
198,0,4,100,0,2,68694
196,0,4,82,0,1,53094
171,2,16,54,0,1,24452
31,2,16,54,0,1,45140
31,3,16,77,1,1,19383
11,2,16,54,0,1,66453
74,0,6,100,0,2,63472
41,1,16,48,1,2,11018
192,2,6,44,1,1,10653
184,2,8,58,1,2,54171
188,0,16,63,1,1,32916
123,2,8,68,0,2,16612
30,3,16,99,1,1,26659
116,1,8,44,0,1,42686
76,0,12,61,1,1,41240
102,3,8,52,0,2,51095
188,0,6,89,1,2,11421
69,3,4,91,1,2,23999
176,1,8,88,0,1,30313
64,1,4,86,0,1,55293
195,3,12,85,1,2,53922
61,3,12,68,0,2,68372
77,3,6,55,0,1,62917
108,3,6,75,0,1,22471
64,3,8,56,0,1,56452
145,3,16,59,1,2,42855
175,1,12,53,0,1,48585
142,3,4,89,1,1,35934
110,2,16,45,0,1,32569
173,1,12,61,1,1,49215
92,0,8,79,1,2,28253
68,1,12,48,1,1,39666
10,0,6,71,1,2,62868
135,0,4,63,0,1,34019
186,2,4,72,0,2,15996
93,3,6,52,1,2,49498
54,3,16,74,0,2,38437
83,1,6,45,0,2,27771
45,3,4,88,1,1,67167
171,2,8,79,0,2,58009
176,1,16,69,0,2,8131
148,1,12,77,0,1,62874
94,1,8,55,0,2,27299
65,3,16,40,1,2,21028
57,3,4,81,1,1,59738
37,3,4,57,0,2,44142
197,1,8,61,1,1,42799
108,1,16,65,1,2,42693
32,0,12,53,1,2,42769
119,0,12,95,1,2,12377
162,3,6,76,0,1,31019
186,1,8,88,0,2,34903
192,3,16,53,0,1,19763
133,3,8,65,1,2,64518
130,0,12,89,0,2,13494
54,2,16,75,0,2,19563
125,3,4,91,0,2,36557
46,2,4,62,1,1,37580
23,2,16,41,0,1,41433
29,1,8,78,1,1,37994
61,1,8,46,1,2,31082
156,3,4,78,1,1,62593
23,0,4,84,1,1,26030
66,0,12,90,1,2,20758
38,3,16,61,0,1,12507
177,3,8,67,1,2,69952
39,0,12,77,1,2,62751
194,2,8,59,1,1,9163
169,3,4,88,0,1,10925
16,2,16,96,0,2,31217
146,3,6,57,0,2,39668
17,3,16,96,0,2,32055
24,2,6,63,1,2,22395
75,2,12,72,1,1,21494
55,0,6,98,0,2,37090
187,3,6,94,1,1,45820
118,1,12,84,0,2,46681
160,1,16,65,0,1,20190
130,3,12,58,0,2,66168
156,3,4,87,1,2,53963
108,3,4,81,0,1,16924
109,2,6,52,0,2,22212
72,1,12,49,1,1,39970
198,1,12,53,1,2,61638
58,1,12,48,1,2,48079
43,3,16,92,1,2,64031
88,2,8,50,1,1,66931
134,3,8,42,1,2,69008
95,0,8,79,0,1,20948
111,0,16,51,1,2,40794
22,1,12,74,1,1,32295
103,3,8,78,1,1,27054
174,0,12,85,0,2,13627
130,0,6,78,1,2,41651
8,3,8,71,0,2,13910
158,2,6,78,0,2,57278
129,3,16,53,0,1,25863
174,3,4,83,0,1,67672
133,2,16,40,1,2,54474
64,1,16,66,1,1,32894
88,1,16,76,1,2,26872
169,1,8,99,1,2,41108
176,2,6,82,1,2,53749
80,0,8,40,1,2,20406
148,2,4,94,0,2,12873
77,3,16,84,0,1,23025
13,2,12,68,1,2,64008
91,0,4,63,1,1,36671
59,0,6,94,1,2,53440
10,3,4,56,1,2,39229
88,1,8,74,1,2,14101
70,0,12,70,1,2,42373
56,0,8,81,0,1,29661
83,0,16,71,0,1,24182
119,3,16,58,1,2,46604
182,0,4,70,1,2,69525
116,1,16,78,1,2,43176
190,3,16,59,0,2,68397
199,1,6,67,0,1,10839
72,0,6,42,0,1,41876
88,0,8,71,0,2,12454
22,1,8,61,0,1,64022
107,3,6,83,1,1,35780
39,3,4,97,1,2,22214
103,1,6,93,0,1,31938
135,0,8,81,1,2,15414
153,2,12,92,0,1,35788
120,1,16,83,0,1,53502
90,1,12,54,0,2,42693
50,1,12,77,1,1,23457
123,0,16,58,1,1,46862
170,3,6,70,1,1,32017
85,0,4,100,1,1,33654
65,1,12,65,1,1,61552
40,0,4,44,0,2,9976
21,0,8,96,0,2,68162
169,1,12,59,0,1,61781
196,0,8,98,1,2,59234
139,2,6,41,1,1,36136
66,0,12,60,1,1,18921
164,0,8,90,0,2,66507
90,3,8,99,0,1,66358
141,3,6,90,0,2,37312
128,1,4,75,1,1,39709
184,1,4,67,1,1,11444
175,3,12,59,0,2,41526
90,2,6,76,0,1,27478
200,0,12,78,0,2,12379
34,2,4,75,0,2,24496
87,2,6,50,1,1,59572
141,3,16,94,0,1,36868
20,1,6,96,1,2,13283
71,0,6,42,1,1,21180
197,1,16,76,1,1,25205
154,2,8,59,1,2,38126
87,2,8,71,1,1,60791
130,1,8,86,0,1,55113
50,1,4,64,1,2,62916
96,3,6,60,0,1,18637
155,1,16,97,0,1,51159
102,1,4,89,1,1,53246
179,3,16,55,0,1,58971
158,1,4,87,0,1,41044
9,2,4,81,0,1,55596
127,1,4,40,0,2,33842
29,0,16,62,1,1,31015
122,2,12,82,0,1,32395
64,3,4,88,0,1,24659
79,2,8,63,1,2,63485
14,3,6,86,1,1,35487
191,0,12,64,1,2,33906
126,0,12,46,1,2,59045
121,2,16,96,1,2,18535
23,1,12,97,0,2,68649
90,2,16,77,1,2,34964
186,2,16,86,0,1,41360
79,0,8,86,1,1,23552
131,3,4,78,0,1,58539
120,2,12,74,0,1,11995
19,1,4,53,1,2,31477
133,0,4,48,0,2,38977
60,2,4,42,1,2,45840
82,2,16,77,0,2,34110
140,1,4,59,1,2,37926
34,2,12,80,0,2,20301
147,2,16,72,0,1,62285
152,2,12,80,1,1,31083
141,2,16,83,1,1,21295
104,1,6,71,1,1,50023
12,2,6,75,1,2,43873
64,2,6,65,1,2,31274
163,2,6,87,1,2,52864
85,0,16,44,1,1,52265
76,1,4,98,1,1,46673
125,0,8,100,1,1,59055
127,0,8,88,1,1,11361
66,1,6,69,0,1,66198
40,0,4,56,0,1,36080
69,0,12,45,1,2,19087
57,0,4,97,1,1,36626
119,1,12,100,0,1,36388
26,2,8,54,1,1,18107
130,3,4,40,0,2,27382
54,3,4,52,0,1,25725
174,1,8,87,0,1,68031
40,3,4,73,0,2,42629
148,1,12,100,0,1,10455
91,1,4,69,1,1,11792
189,3,12,58,0,2,35439
142,0,6,94,1,2,35727
86,2,4,41,0,1,52838
21,3,12,92,0,2,46632
154,3,8,96,0,2,68406
135,3,6,83,1,1,24197
61,3,4,51,0,2,31375
155,1,12,97,0,2,30280
36,1,4,79,1,1,9308
31,2,12,83,1,2,48899
89,2,4,63,0,1,24315
70,3,6,50,0,2,48857
112,3,6,41,0,2,32181
64,3,4,40,1,1,17893
143,2,4,96,0,2,69757
69,3,16,97,1,2,20697
164,0,4,67,0,2,11213
24,2,4,43,1,2,50978
73,0,6,80,1,2,16438
13,3,4,98,0,1,42992
65,1,8,69,0,2,10858
76,0,4,99,1,1,25751
163,2,16,98,0,2,36935
69,0,12,46,1,2,20455
176,2,6,99,1,1,45912
89,3,8,61,0,2,57854
176,0,12,65,1,2,18115
184,1,8,68,0,2,58702
184,0,6,64,1,2,63823
78,1,16,49,0,1,25717
138,2,6,59,0,1,40522
17,3,8,53,0,2,38747
105,3,8,72,1,1,58950
96,1,6,44,0,1,60607
42,2,4,84,1,2,11365
9,3,6,45,1,2,49623
131,2,16,61,0,1,59779
31,1,6,99,1,1,42852
81,1,12,56,0,1,68279
173,0,4,54,1,1,69986
29,3,12,78,1,1,37317
161,3,6,79,0,1,12973
178,0,4,67,0,2,53427
190,1,12,92,1,2,53791
46,1,12,41,0,1,54701
164,1,4,57,0,2,59301
27,1,4,66,1,2,44194
48,2,8,60,0,1,63760
189,3,4,62,1,1,63989
155,3,6,46,0,1,24863
115,1,16,100,0,2,35533
154,1,8,91,1,1,28114
91,1,4,98,1,2,63511
118,3,16,87,0,2,31526
73,3,8,58,0,1,24010
165,1,6,48,1,2,58502
60,2,16,51,0,1,20204
41,0,4,85,0,1,33275
157,0,4,69,0,2,43415
74,0,6,46,0,1,29750
141,3,8,41,1,1,45876
34,3,16,56,0,1,42489
17,0,6,50,1,1,11159
80,0,8,89,1,1,24717
103,2,12,100,0,1,16855
55,3,12,51,1,2,33354
77,3,8,42,0,1,9223
194,0,4,60,0,2,11454
107,2,4,53,1,1,52459
66,2,12,54,1,1,54414
9,0,4,90,1,2,39721
164,0,4,81,0,2,63029
72,3,8,80,0,1,35073
90,0,8,49,0,1,63511
161,1,4,91,1,2,49900
17,2,8,94,1,2,43401
60,0,16,75,1,2,31199
86,1,12,90,1,2,62526
66,2,16,49,1,1,40272
157,1,16,56,0,2,41784
186,1,4,83,0,1,53560
55,0,4,64,1,2,45301
156,2,16,100,1,1,52681
130,1,16,66,1,2,8005
29,3,6,72,1,1,51226
107,2,6,50,0,2,44755
105,3,12,52,1,2,38208
165,0,16,40,1,2,31103
32,3,8,70,1,2,60944
35,2,6,72,0,1,16704
200,1,4,60,0,2,62116
120,1,16,55,1,2,19452
52,2,8,78,0,2,41742
75,1,8,62,1,1,21558
14,3,8,49,1,1,19008
56,1,4,87,1,2,49936
144,1,6,72,0,1,59885
171,3,8,61,1,1,8620
90,3,6,80,1,1,40315
136,3,12,45,0,2,53610
145,0,4,86,0,1,15595
171,3,6,75,1,1,20837
80,3,6,86,1,2,52801
53,0,8,49,0,2,16785
113,1,8,96,0,2,50379
167,3,4,55,0,1,13852
39,2,6,52,1,2,18134
13,3,16,90,1,1,16814
183,3,8,100,0,1,20040
173,0,8,97,0,2,31687
152,2,12,59,1,2,12529
81,1,4,43,0,2,44687
121,1,6,59,1,2,49277
34,2,6,61,1,2,59734
61,3,6,68,1,2,9524
185,0,8,55,0,1,56476
170,2,4,82,1,2,47994
92,2,6,86,0,1,39497
134,1,16,82,0,1,57085
160,0,12,62,0,1,25276
163,2,12,69,0,1,16819
118,0,6,96,1,1,29707
22,3,8,69,1,1,53213
139,1,12,82,1,2,43789
100,3,12,42,0,1,38915
130,0,12,95,1,1,58606
80,3,12,63,1,1,68115
162,1,6,88,1,2,8552
161,0,4,76,1,1,22182
154,2,4,52,0,1,52550
99,3,8,81,0,2,21149
24,1,16,71,1,2,39603
50,2,4,76,0,2,38312
128,1,16,51,0,1,67849
48,0,4,47,0,2,23155
177,0,4,63,1,2,18277
185,3,8,83,1,2,41443
175,1,12,55,0,1,48528
46,1,8,71,0,2,22676
120,1,4,73,0,1,17785
158,0,12,74,0,1,28781
118,3,12,71,1,2,35258
187,1,12,89,0,1,19970
54,1,16,56,1,1,11264
70,2,4,41,0,1,67281
117,1,6,65,1,2,45761
76,3,8,93,0,1,16807
50,2,16,83,1,2,38319
183,2,8,56,1,1,12227
41,2,6,77,0,2,34207
47,0,12,88,0,1,38290
68,2,6,41,1,1,40211
185,1,8,47,1,2,29673
69,0,6,85,0,1,17136
65,0,4,45,0,2,12980
168,0,6,48,0,2,32198
82,0,4,40,0,1,54344
23,0,6,44,1,2,54362
89,0,4,78,1,1,68820
101,0,4,48,1,2,46434
55,2,6,53,0,2,40599
145,3,16,66,0,2,64799
89,1,12,48,0,1,15371
45,1,12,75,1,1,65814
134,2,12,68,0,1,59107
26,2,4,59,1,1,10396
171,0,12,54,0,2,52866
194,3,4,75,1,1,10090
70,0,16,42,1,1,59975
84,2,6,95,1,2,26913
181,0,6,92,0,1,31928
138,1,4,62,0,1,44941
109,1,4,97,0,2,17251
72,0,16,93,0,1,40126
127,3,12,85,1,1,47727
98,0,16,48,1,1,21485
15,0,6,69,0,1,39647
186,3,6,58,0,1,49606
80,3,12,77,0,2,17545
141,3,6,42,0,1,35275
114,1,4,89,1,1,21366
96,0,6,87,0,1,16955
46,2,8,42,1,1,36647
120,3,12,73,1,1,10326
195,3,12,41,1,1,57610
35,0,12,97,0,1,66035
104,2,8,66,0,1,43340
189,0,16,62,0,2,56843
44,0,4,81,0,1,54534
144,3,12,71,1,1,46708
89,3,6,86,0,1,56702
63,1,4,74,1,2,59691
194,2,6,79,0,1,12169
92,2,4,100,1,2,54534
9,3,4,57,1,1,17010
196,3,6,66,1,1,14073
65,3,6,50,0,1,69594
114,2,4,78,1,1,33094
130,1,12,58,1,2,61622
195,2,6,64,0,2,31857
175,3,8,46,1,1,28375
171,3,8,70,0,1,32918
121,1,4,96,0,1,14808
114,0,16,41,1,1,30571
44,0,4,77,1,2,69987
86,2,4,44,0,1,15608
99,0,12,53,1,2,21408
25,0,12,57,0,2,30692
105,2,16,75,0,2,35369
70,3,16,43,1,1,52134
157,0,16,63,0,1,61683
146,3,16,52,1,2,56508
193,2,16,94,1,2,22782
192,3,4,100,0,2,13126
11,3,4,60,1,1,57595
142,2,8,96,1,1,69918
68,3,8,72,1,2,11704
114,0,6,59,1,1,26284
61,0,4,44,1,1,50477
95,0,16,63,1,1,36708
75,0,6,74,0,2,25940
136,3,12,69,1,1,32673
62,0,4,67,0,1,19053
10,3,8,92,0,2,25428
173,1,4,90,1,2,21543
128,3,4,84,1,1,16659
136,0,4,46,0,2,16545
109,1,4,81,0,2,57223
45,2,12,74,1,1,17567
92,3,8,94,0,2,9075
164,0,4,69,0,2,17437
140,0,12,73,1,1,17215
99,0,6,78,0,1,50780
28,2,4,48,0,1,40068
116,1,12,99,1,2,66333
54,1,16,92,1,1,61707
91,0,6,51,1,2,29670
90,3,8,93,1,1,67892
42,0,4,68,0,1,53772
76,0,4,49,0,2,12462
136,3,12,66,0,2,44489
147,0,8,58,0,1,11107
195,2,16,52,0,2,29086
34,0,6,81,1,1,26959
63,2,8,76,0,2,60198
30,0,4,100,0,1,57900
160,1,12,71,1,1,26083
28,3,16,54,0,2,65945
68,1,12,60,0,1,12715
70,0,6,42,1,1,56723
129,0,8,47,1,2,49214
59,2,12,45,0,2,19169
95,0,12,68,1,1,59876
160,0,4,58,0,2,62471
62,0,12,56,0,1,25219
53,1,16,49,1,1,9850
39,2,8,72,0,2,61916
62,1,6,52,1,1,60254
103,2,12,66,1,1,11649
140,1,16,81,0,1,31128
43,0,6,51,0,1,26917
117,1,16,41,1,1,43074
184,1,12,49,1,2,53308
113,2,12,60,1,2,8493
65,2,8,62,1,1,68649
46,1,4,40,0,2,66474
87,2,16,72,1,2,30084
104,2,4,91,0,2,47701
120,2,4,100,1,2,20623
68,3,6,65,1,1,36360
144,2,6,54,0,2,18292
13,3,16,61,0,2,20207
116,3,4,64,1,2,12040
42,2,8,40,0,2,42544
46,1,4,98,0,2,9867
157,2,6,65,0,2,43502
176,0,4,60,0,1,39785
125,1,12,80,1,2,11331
12,3,12,63,0,2,60592
177,3,8,78,1,2,57361
94,1,16,55,1,2,40209
83,1,4,71,1,1,52073
165,2,12,55,1,1,32490
64,3,16,52,0,2,45876
134,0,12,81,1,2,54432
36,2,16,71,1,2,59881
172,1,16,89,0,2,21181
94,3,12,80,0,1,48890
148,1,6,83,0,2,20261
167,1,16,100,1,1,69776
53,1,4,63,0,1,39435
123,2,12,52,1,2,38090
119,0,6,50,1,2,39568
158,0,12,54,1,1,12770
52,3,8,49,0,2,44968
152,1,4,81,1,1,60913
111,0,8,80,1,2,17339
92,1,16,96,0,2,52741
141,3,16,96,1,2,39842
115,1,8,42,0,2,55109
25,0,8,94,0,1,64095
101,1,16,55,0,2,33866
157,0,6,83,0,2,60266
40,3,4,56,0,2,52838
165,1,12,64,0,1,43468
133,0,8,69,1,2,63846
167,3,4,86,0,1,56045
177,1,12,96,1,1,33249
129,3,12,74,1,2,37890
145,0,8,76,1,1,51935
122,1,6,99,1,2,51331
171,1,6,52,0,2,63911
169,1,4,63,1,2,66100
35,3,4,77,0,1,13184
18,3,16,65,1,1,45064
174,0,6,97,0,1,32432
54,2,4,48,0,2,61489
134,1,16,100,1,2,23366
154,1,12,58,0,1,39962
125,0,4,67,0,1,68245
150,1,16,46,0,2,50447
133,3,6,84,0,1,17159
163,3,12,61,1,2,11012
159,1,4,69,1,2,26736
79,1,6,76,1,1,12409
114,3,12,55,1,2,31005
144,1,8,75,0,2,43611
182,3,6,44,1,1,58034
40,2,8,68,1,1,40154
197,2,4,91,0,1,57649
26,1,16,90,0,2,54613
81,1,4,62,1,2,40349
175,1,6,45,1,1,19620
182,3,8,75,1,2,63366
200,2,8,96,0,1,42673
164,2,12,72,1,2,40477
185,0,4,88,0,2,23372
105,0,4,80,0,2,22741
148,1,6,55,1,2,38666
136,3,8,94,0,2,42308
169,1,6,73,0,1,31573
100,2,6,82,1,1,26382
183,1,8,65,0,2,39614
55,1,6,76,0,1,25716
184,2,8,52,0,1,27750
71,2,6,91,1,2,17764
68,2,16,56,0,2,22366
164,2,6,71,0,2,15229
46,0,6,71,0,1,13340
135,3,16,67,1,1,48294
95,3,4,68,1,1,36240
33,2,8,64,1,2,11454
24,3,12,86,1,2,11816
78,3,16,61,1,2,13637
20,3,4,66,1,2,54696
76,3,6,100,1,2,42128
33,2,4,83,0,1,63457
56,1,16,77,0,1,13974
14,1,6,59,1,1,57715
65,1,4,84,1,2,47069
56,0,12,89,1,2,30540
110,3,8,63,0,1,21497
60,2,8,86,0,1,57885
200,2,16,86,0,2,33328
69,0,6,47,0,1,67700
24,2,6,90,1,2,53203
178,1,8,94,0,1,54981
32,0,4,53,0,1,37692
138,2,6,78,0,1,62326
36,0,12,53,1,1,27358
124,0,12,44,1,2,47482
167,2,6,86,1,2,11986
33,1,6,60,0,2,62981
131,2,8,54,0,1,51675
151,3,16,95,0,2,9785
32,3,8,75,1,1,24268
61,2,16,72,1,2,22845
163,1,12,56,0,1,27017
80,3,16,96,0,2,47848
127,3,8,59,1,2,59244
63,2,6,40,0,1,48582
72,2,16,55,0,2,22033
100,2,8,84,0,1,50765
93,0,12,57,1,1,19555
87,0,16,49,1,1,36935
176,0,12,62,1,2,31819
115,2,12,57,1,2,57063
186,1,4,88,1,2,35631
125,3,16,97,1,2,58400
164,0,8,48,1,2,49175
90,1,16,85,1,1,44713
154,2,16,92,1,2,36902
176,0,12,69,0,2,9725
180,2,12,52,0,2,59853
22,1,12,91,0,1,50160
138,0,12,91,0,1,68978
146,0,8,70,1,1,23037
188,0,6,85,0,1,25924
181,0,4,82,0,2,46610
37,1,12,52,0,1,61954
64,0,12,71,1,2,57664
153,3,4,56,0,2,48039
186,3,12,42,0,2,54952
135,2,6,100,0,1,69055
55,0,16,40,1,2,69280
143,3,4,92,0,1,18544
29,3,8,44,1,1,36408
13,3,4,71,1,1,16173
192,1,6,64,0,1,54992
111,0,8,84,1,1,46856
43,1,16,95,1,1,53406
86,1,12,44,0,1,41570
123,3,4,76,1,2,53506
64,3,8,62,0,1,13388
56,2,4,51,0,2,31923
180,0,16,73,0,1,64228
89,0,4,100,1,2,39781
73,3,8,62,0,2,56973
84,3,6,55,0,2,41669
52,0,8,88,0,2,14876
86,2,4,44,1,1,28542
27,3,16,83,0,2,26172
199,2,12,86,1,1,28984
130,1,12,67,1,1,39664
74,3,16,45,0,1,51272
90,1,4,52,1,2,9699
10,3,16,82,0,1,63830
189,1,4,69,1,2,19342
71,3,8,65,0,1,13749
47,2,6,56,0,2,66552
66,2,4,48,1,1,43761
190,2,12,96,0,2,18734
69,1,12,55,0,2,9594
139,2,6,88,1,1,27825
67,1,4,91,1,1,23238
123,3,6,95,1,2,58990
82,1,8,57,1,2,53819
129,3,6,52,1,2,36248
114,0,8,68,0,2,48676
103,0,12,82,0,2,10902
98,0,8,84,0,2,55434
165,1,4,63,1,1,56567
137,0,4,97,1,1,15405
69,0,4,84,0,2,47815
56,0,4,83,1,1,26723
144,3,16,85,0,2,12521
99,2,8,52,0,1,51302
166,1,4,64,1,2,45696
131,0,6,80,1,2,57651
68,3,6,85,1,1,28011
55,2,16,40,1,1,17036
160,2,8,48,1,1,52623
171,2,8,43,1,2,56813
143,3,8,67,0,1,17252
65,0,16,51,1,2,62797
108,2,8,63,0,1,59833
119,3,8,100,0,1,50380
180,3,4,85,0,1,66093
69,1,8,48,1,2,39115
46,3,4,74,0,2,21878
65,2,4,77,1,1,18139
106,2,8,74,1,2,66389
199,3,6,72,1,2,35987
51,2,12,97,1,1,12590
36,3,6,93,1,1,44242
66,2,8,92,0,1,58378
78,1,8,74,1,1,10973
99,0,6,85,0,2,45813
16,1,8,59,1,1,66713
134,1,4,41,1,2,25422
141,0,16,83,1,1,54109
164,2,8,65,0,1,23388
193,0,8,81,0,1,26171
152,3,6,52,0,1,22495
151,0,4,69,0,1,66996
138,1,6,91,1,1,55773
28,0,6,71,1,2,61867
71,2,8,75,0,2,61874
97,1,4,58,0,2,36943
43,3,8,61,0,2,49379
69,2,8,40,0,2,22335
177,1,8,96,1,2,60049
83,3,8,50,1,2,28968
177,2,16,65,1,1,30703
196,3,12,87,0,2,44070
20,0,4,58,0,1,41563
18,0,16,58,1,2,46205
61,3,12,51,0,2,27193
23,0,12,42,0,1,24850
15,3,12,94,0,1,20727
111,2,16,95,1,1,23415
66,1,4,57,0,1,66698
64,3,6,88,1,1,57424
47,1,12,44,0,2,18941
194,1,6,87,0,1,63460
137,3,6,63,1,1,23218
101,0,8,53,1,1,44257
145,2,6,90,1,2,57120
51,1,8,77,1,1,36444
146,2,4,42,0,1,11651
87,1,4,45,0,1,31519
88,3,8,51,1,2,58107
9,0,4,91,1,1,46154
185,2,12,50,0,2,32281
147,1,4,78,0,2,27793
122,3,8,98,0,1,42687
97,3,12,65,1,2,27316
30,1,6,40,1,2,64927
153,1,6,55,0,2,16379
69,1,6,87,1,2,54554
120,0,8,88,0,2,8207
135,1,6,86,1,2,8073
69,1,4,92,1,1,32427
45,0,6,48,0,2,55777
173,3,16,44,0,2,61920
68,1,16,91,1,1,48329
136,2,6,47,0,2,18811
180,3,6,100,1,1,17241
163,2,16,60,0,1,12969
156,1,6,72,0,2,48472
129,0,12,78,1,2,13889
117,0,16,82,0,2,34457
20,0,8,59,1,1,48787
162,1,16,97,1,2,16706
107,1,4,92,1,1,46687
142,2,12,84,1,2,19520
29,0,8,61,0,2,8279
81,1,6,52,1,2,35562
188,3,4,78,1,1,62007
139,1,4,50,1,1,33131
30,1,12,57,0,2,62304
126,3,8,69,1,1,48229
77,0,4,72,1,2,64943
91,3,8,83,0,1,35955
108,0,8,42,1,1,8290
91,3,4,97,1,2,45648
168,2,8,99,0,2,19065
35,0,12,40,1,1,23402
143,1,4,75,1,1,32367
8,2,12,45,0,1,32107
172,0,12,76,0,2,48736
70,0,8,68,0,2,68362
29,0,8,50,1,1,26006
77,3,4,91,1,2,21029
132,0,6,94,0,1,27935
156,1,4,52,1,2,28562
103,0,12,50,0,2,11275
170,1,8,98,1,1,50971
86,1,12,77,0,2,68033
12,1,16,90,0,1,13257
67,2,16,64,0,2,32658
127,1,12,54,1,1,44763
53,3,6,92,0,2,46574
185,0,6,52,0,2,65991
183,3,4,81,1,2,63914
141,2,4,72,0,1,36822
63,0,4,52,1,1,53999
117,1,8,77,0,2,44460
194,0,6,92,0,2,9757
164,2,12,97,0,1,29339
111,2,16,63,0,1,30846
84,3,6,59,0,2,63116
153,0,6,83,0,2,48182
9,0,6,56,0,1,47972
15,0,4,98,1,1,35915
82,3,8,89,0,1,52617
189,2,12,63,1,2,53170
132,1,4,65,1,2,19344
45,0,8,79,1,1,31232
183,3,6,71,1,1,41493
34,3,8,68,1,2,40079
27,1,4,53,1,2,41875
147,2,6,76,0,2,37558
50,0,4,61,0,2,19017
196,0,12,73,0,1,37481
38,3,6,66,0,2,34777
98,2,8,67,0,2,67184
68,0,4,96,1,2,28732
116,1,16,61,1,1,55605
98,2,8,99,1,1,65238
170,2,8,96,0,1,67839
102,3,6,82,0,2,37968
150,3,8,97,0,2,31457
151,0,4,42,0,2,36520
20,3,16,61,1,2,8824
120,2,12,97,1,1,39573
42,0,16,87,0,2,45370
194,0,4,60,1,1,22467
156,2,6,55,0,2,17926
189,0,4,48,0,2,31876
165,1,8,52,0,2,24734
55,1,6,49,1,2,29586
42,0,12,88,1,2,38659
93,3,12,96,1,2,59325
173,1,4,60,0,1,52245
166,0,8,88,0,1,33410
159,1,12,81,0,1,15894
121,3,16,79,1,1,34563
184,2,6,46,0,1,52781
107,0,16,85,0,2,52631
167,0,12,61,1,2,45759
190,0,12,57,0,1,60154
193,0,4,60,1,2,10509
106,0,4,90,1,2,10672
10,0,6,89,0,2,27826
92,3,4,53,0,2,12158
132,2,8,49,0,1,61273
145,3,6,72,0,2,15807
90,3,8,48,1,1,53056
32,2,4,57,1,1,63389
75,3,6,52,1,2,64178
68,1,12,98,1,2,39171
36,3,16,56,1,2,32525
134,0,12,62,1,1,34513
26,1,8,64,1,2,64331
178,1,12,93,0,1,13797
81,2,12,55,0,2,41065
68,3,16,63,0,1,56911
178,3,16,70,0,1,46848
160,1,12,50,0,1,15746
27,3,16,62,0,1,31718
55,3,12,80,1,1,51261
94,2,6,78,0,1,11938
159,1,12,100,0,1,32316
146,0,4,61,1,2,65077
117,1,16,72,1,1,42362
190,2,16,80,0,2,24334
35,2,8,81,1,2,19557
198,2,8,87,0,2,43983
66,3,4,92,1,1,36880
140,1,16,100,0,1,52257
58,3,16,57,0,2,17673
156,3,8,53,0,1,12379
19,1,8,67,1,1,52634
57,2,12,50,1,2,56613
139,0,16,63,0,2,40721
120,0,16,100,1,2,43950
177,1,12,75,1,2,28829
173,1,16,58,0,2,38028
160,2,4,52,0,2,68495
21,1,8,72,1,2,56513
39,1,8,92,1,1,15571
146,2,8,58,0,1,36363
196,2,6,86,1,1,55068
153,3,4,91,1,2,50733
162,1,4,71,1,1,25735
62,0,12,54,0,2,33893
189,1,6,96,1,2,13613
127,0,16,50,1,2,53239
82,0,4,62,0,1,34606
28,0,6,98,1,2,24595
179,3,6,44,0,2,9274
140,2,4,95,0,2,56866
94,2,12,61,0,1,45030
176,3,6,81,0,1,36190
66,2,8,57,0,2,63119
96,3,6,46,0,2,28118
189,1,16,72,1,2,66529
157,3,4,42,0,1,15775
90,2,16,67,1,2,40016
72,2,12,40,0,2,66218
71,1,8,88,0,1,40279
78,3,4,86,1,1,62690
11,1,6,76,0,1,21941
200,0,8,61,0,1,61654
150,3,6,87,0,1,52423
111,1,12,83,0,1,43253
157,1,4,58,1,2,31638
182,2,12,53,0,1,53460
100,3,12,42,0,1,12370
181,0,12,58,0,2,62686
149,0,12,72,1,2,63857
185,3,6,60,0,2,27782
155,3,16,40,0,1,30639
185,1,6,65,1,1,45655
119,2,8,49,0,1,30829
168,2,12,74,1,1,65479
126,2,8,52,1,1,8332
66,3,6,45,1,2,49986
50,2,12,82,1,2,60385
19,1,6,45,1,1,58687
47,3,12,74,0,1,26508
125,3,6,55,0,2,26616
27,2,4,80,1,1,61109
173,0,16,47,0,2,35193
138,0,16,98,0,2,48415
163,1,12,42,1,2,13282
191,2,4,44,1,2,29524
97,2,8,60,0,2,15744
101,3,4,70,0,2,13697
20,3,12,53,1,2,41720
73,2,4,76,0,2,11369
44,3,8,58,1,1,30826
184,2,12,76,1,2,19545
73,1,16,92,1,2,50946
43,3,4,59,0,2,69911
189,2,16,91,1,2,14553
33,3,16,41,1,2,68807
82,1,6,96,1,1,63982
115,3,8,46,1,2,57316
175,2,4,72,1,1,18183
50,3,16,92,0,2,64401
157,3,16,89,0,2,27089
155,2,8,81,0,1,17931
15,0,16,45,1,1,36835
36,3,16,46,0,2,40871
47,3,16,83,1,2,15297
165,1,16,57,0,1,45459
135,0,6,82,0,1,28599
91,1,6,93,1,2,47170
123,2,12,68,0,1,58279
190,2,4,58,0,1,57515
151,1,8,64,0,1,17761
181,3,12,43,1,1,16061
69,0,6,90,0,1,8368
14,1,6,52,1,2,61101
52,1,6,71,1,2,69101
194,2,12,66,1,2,45821
191,3,6,90,0,2,68741
183,0,12,73,0,2,63015
162,1,6,67,1,2,13304
188,0,16,48,1,1,63689
95,0,16,47,0,1,64663
80,1,4,60,0,1,55633
170,0,6,85,0,2,56544
186,2,4,69,0,1,62502
44,3,12,68,1,1,36806
126,3,4,48,0,1,59244
64,3,6,52,1,1,39343
15,2,12,57,1,1,66859
102,2,12,77,0,2,8594
124,2,16,94,0,2,25829
117,3,12,61,0,1,28006
27,0,12,70,0,1,41533
131,2,4,74,0,2,30424
60,1,12,81,0,2,35792
126,2,8,81,0,1,66684
19,1,16,49,1,1,66930
184,3,16,48,1,2,47204
24,1,12,70,0,2,68994
71,2,4,83,1,1,29015
49,2,16,95,1,1,33209
101,0,16,79,0,2,30993
164,3,8,63,1,1,63344
154,1,12,80,0,2,65305
18,3,16,88,0,1,29140
105,2,16,47,1,1,65802
185,0,16,89,0,2,47608
78,2,16,59,0,1,64057
115,2,4,56,0,1,67816
65,2,6,67,1,2,17872
41,1,8,45,1,2,45618
27,2,4,81,0,2,23212
57,3,8,72,0,1,26277
109,3,16,67,1,2,55764
145,0,8,92,1,2,34691
167,3,12,96,0,2,24892
59,2,12,40,1,2,57887
22,2,6,80,0,1,14353
91,3,6,91,1,2,10751
138,0,8,74,1,1,54379
44,0,4,63,1,1,18363
133,3,4,45,1,2,27227
47,1,16,46,0,2,16483
79,1,4,48,0,2,37092
47,1,6,76,1,1,50878
63,1,4,100,0,2,57963
158,3,16,55,0,2,59249
111,0,12,73,1,2,50969
146,2,4,74,1,1,57008
117,2,4,74,0,2,69622
199,3,6,59,1,1,36918
143,2,8,97,0,1,8649
100,1,12,62,1,1,43365
101,0,8,99,0,2,41328
63,3,16,81,1,2,55175
67,0,16,93,1,1,49729
145,3,8,74,0,2,61803
46,3,6,86,1,1,40034
35,3,6,85,0,2,8503
56,3,6,62,0,2,33203
171,0,12,43,1,2,22996
132,2,16,49,1,1,52344
20,3,16,82,1,2,40602
43,1,16,50,1,1,61014
108,3,12,79,0,2,35935
33,0,16,94,0,2,38425
93,3,8,94,1,2,63803
11,1,4,48,0,2,53216
89,0,12,79,1,1,22096
199,3,4,51,0,1,42942
173,1,8,56,1,2,11527
134,0,6,71,1,1,21993
95,3,6,62,0,1,38224
134,1,6,54,1,1,13423
127,0,12,90,0,2,35113
29,3,6,67,1,2,51246
137,0,12,91,0,2,67567
38,1,12,77,0,2,34833
126,3,4,44,0,1,22307
18,3,6,79,0,1,23928
53,3,16,57,1,2,63654
103,1,6,92,1,2,54268
197,2,6,60,1,2,68924
199,3,6,54,0,1,32107
17,1,16,42,1,2,24278
175,0,16,85,1,2,34571
135,0,12,65,1,2,16825
159,1,16,54,1,1,63254
106,2,12,84,0,2,32372
179,1,4,92,1,1,45920
119,0,12,59,1,2,57652
67,0,6,98,0,2,55415
197,3,8,60,1,2,9563
94,2,8,65,0,1,28459
152,1,6,80,1,2,58326
72,0,12,62,0,1,34174
64,0,6,88,0,2,32070
190,0,16,90,1,1,26542
113,1,12,64,1,2,69057
188,1,6,43,1,2,59136
191,2,16,91,1,1,31683
16,3,16,49,1,1,24903
29,3,12,61,1,2,50877
148,3,4,42,0,2,42096
96,0,4,58,0,2,31580
183,3,16,70,0,1,31377
25,0,4,48,0,2,22134
122,2,16,68,1,1,49892
175,0,4,76,0,1,31902
152,2,16,85,0,1,34117
150,2,16,46,0,2,48427
113,3,16,92,1,2,24791
22,3,16,77,1,2,58683
70,0,8,63,1,2,57775
174,1,4,47,0,1,23464
20,3,16,73,1,2,10766
88,3,6,98,0,1,61799
39,1,12,96,0,1,59979
144,1,6,65,0,1,12415
47,3,6,99,1,2,37741
155,1,8,67,1,2,39984
89,0,4,67,1,2,8666
84,2,8,85,0,1,49587
198,2,4,93,1,1,19300
83,3,16,46,1,2,44044
179,3,8,42,1,1,34360
45,0,12,91,0,1,13605
195,1,4,61,0,1,41901
78,3,8,94,0,2,58661
55,2,12,77,0,2,52349
25,0,6,92,1,2,59010
151,0,16,85,1,1,66959
190,1,16,83,0,2,63371
46,3,6,57,1,2,69197
194,3,8,51,0,1,45473
96,0,6,70,1,1,62769
69,2,12,78,1,2,45342
148,3,4,44,1,2,24294
116,2,8,83,0,2,15556
88,0,4,80,1,1,12683
141,3,6,68,1,2,69209
84,2,16,82,1,1,37264
195,0,4,75,1,2,43179
97,2,4,53,0,2,41076
21,3,16,97,0,1,47998
102,1,4,83,0,2,28746
61,2,4,57,1,1,14176
139,1,16,46,1,2,42600
46,3,16,62,1,2,30567
79,1,6,72,0,2,20973
32,0,6,98,0,2,51267
84,1,4,84,1,2,47647
167,2,8,55,0,1,24094
194,2,6,76,0,2,30794
198,1,6,90,1,2,10000
173,0,8,64,0,1,16858
127,3,8,48,1,2,42452
60,1,16,94,0,1,23584
163,2,6,67,0,2,46385
138,2,12,48,0,2,14782
157,1,12,51,0,1,43844
103,1,4,57,1,1,13116
173,1,6,66,1,2,49405
79,3,12,65,0,1,12383
69,2,6,95,1,2,65176
192,2,6,65,0,1,33657
13,2,12,49,1,1,68487
39,3,6,97,0,1,30170
106,0,8,100,1,1,21081
145,2,4,56,0,1,11751
138,2,16,90,0,2,54620
194,0,12,71,1,2,39825
83,3,16,63,0,1,53830
184,0,4,82,0,2,15785
66,0,8,87,0,1,20564
38,0,8,47,0,2,30479
100,0,8,69,1,1,65183
76,3,8,65,1,1,42313
197,3,12,63,0,2,19837
59,0,12,66,0,1,45599
96,1,6,54,1,2,19399
134,1,6,67,1,1,35359
176,1,4,50,0,1,32689
38,1,6,78,0,1,33347
91,2,4,41,1,2,22492
134,3,4,90,0,1,29899
157,3,4,48,1,2,25396
139,0,8,89,1,2,64548
20,2,16,84,1,2,36259
52,0,16,62,0,2,68594
134,0,12,72,1,1,15954
177,3,4,58,1,1,66596
121,2,8,52,0,1,48302
184,1,6,53,1,1,68446
27,3,6,71,1,2,61355
88,2,12,88,1,2,61529
189,2,12,61,1,2,10668
171,3,4,59,1,1,30917
136,3,4,72,1,2,40284
150,0,6,44,0,2,35152
24,0,6,59,0,1,53050
159,0,6,53,0,1,34003
65,1,6,66,1,1,44009
79,3,16,65,1,1,8877
116,2,4,71,1,1,58350
30,3,4,69,0,1,23433
181,2,6,66,0,1,41221
79,1,8,65,1,2,61756
15,3,6,57,0,2,33839
66,2,12,84,0,2,59295
118,2,8,62,1,1,52545
194,0,12,83,0,1,47113
20,1,8,86,0,2,47972
174,3,12,63,0,1,20378
163,0,6,43,0,2,69672
196,1,6,80,1,1,20946
23,0,8,42,1,2,60210
126,3,12,100,0,2,60008
9,2,16,93,0,1,17103
152,3,8,82,0,1,55356
37,1,8,69,0,1,51731
110,3,4,86,1,1,34043
20,1,8,55,1,2,8440
103,0,16,46,0,2,41763
101,1,6,78,0,2,10111
89,2,12,61,0,2,44868
20,2,4,80,0,2,52689
178,2,12,70,1,2,46983
101,0,6,88,0,1,44236
156,1,8,52,0,2,53672
119,0,16,80,1,1,47241
62,3,4,100,0,2,23907
88,3,16,80,1,1,29650
175,3,16,91,1,1,20031
123,3,16,68,0,2,56867
150,2,16,67,1,1,63644
187,1,6,83,0,2,12460
115,2,16,92,0,1,35414
60,1,16,58,1,2,39135
135,1,6,62,1,1,37296
187,0,12,86,1,2,53562
165,3,6,89,0,2,16714
168,1,8,47,0,2,33281
64,3,6,64,0,1,9759
59,3,12,77,0,2,8249
144,3,8,96,0,2,62148
189,2,8,77,1,2,45112
118,3,4,74,1,2,66718
8,1,16,65,1,1,54348
51,2,8,42,0,1,23189
82,3,8,41,0,1,14591
105,0,12,44,0,2,34402
16,3,8,100,0,1,51090
39,3,12,59,0,1,15708
22,2,16,51,1,1,52438
147,1,4,77,0,1,14482
192,3,4,55,1,1,33679
143,2,16,76,0,1,30622
79,2,16,77,1,2,52953
162,1,6,75,0,2,16450
197,2,8,85,0,1,36793
19,1,8,68,1,2,17339
72,0,8,74,0,2,39254
114,3,12,88,0,2,64248
49,2,6,76,0,2,41672
197,0,8,93,1,2,29426
122,2,12,60,1,1,65047
146,2,12,60,0,1,64608
110,0,4,67,1,2,56589
178,2,12,45,1,1,26523
102,2,16,59,1,1,13143
24,0,12,99,1,1,27562
167,2,16,75,1,1,12147
92,1,16,98,0,1,55814
175,2,4,52,0,1,28773
158,3,4,79,0,1,10347
63,2,12,50,1,2,55448
141,3,4,63,1,2,62653
93,3,4,99,1,2,25975
185,2,8,58,0,1,59393
109,0,12,62,0,2,28012
172,1,12,70,0,1,55539
199,1,12,76,0,2,22720
61,2,4,76,0,2,33430
184,0,4,99,0,1,41518
122,0,16,100,0,2,21683
146,1,6,42,0,1,65063
95,0,6,73,1,2,69393
56,2,6,68,1,2,34943
156,2,8,42,1,1,49198
122,0,4,54,0,2,14535
70,2,16,46,0,2,38689
111,3,16,42,0,2,27079
90,1,6,86,1,2,14156
110,2,8,82,0,2,45404
163,0,8,55,1,1,23025
24,1,6,84,1,1,50276
13,2,6,73,0,1,26688
154,1,4,59,1,1,8107
191,0,8,83,0,1,42372
35,3,16,92,1,1,59060
45,3,6,100,0,2,59382
126,2,4,78,0,1,15921
44,3,16,72,0,1,69121
122,2,8,53,1,2,32942
75,1,6,95,0,2,31547
184,2,6,81,0,1,64853
50,2,4,74,0,2,35485
171,2,4,50,0,2,60746
65,3,8,93,0,2,40028
20,2,6,59,1,2,10921
59,0,4,69,1,1,36844
65,2,6,92,1,1,9740
39,1,8,97,0,2,23095
112,0,6,67,0,2,10818
195,1,16,54,0,2,25737
90,1,6,77,1,1,65795
193,1,12,89,1,2,14140
106,0,12,52,0,1,69910
111,0,8,86,1,1,61568
191,3,8,74,1,2,69880
35,0,8,86,0,2,51406
136,2,16,63,1,2,34811
177,1,16,95,0,2,68853
55,3,6,40,1,2,33460
47,0,4,81,1,2,46785
104,1,12,63,1,2,14993
198,0,12,66,0,1,68863
121,3,12,57,1,1,57894
139,0,6,97,0,1,62741
173,0,6,65,1,2,23899
162,1,8,68,0,1,15005
144,2,4,47,0,1,15628
118,0,8,83,0,2,34615
151,3,6,65,1,1,65154
191,0,16,44,0,2,26946
83,0,8,72,1,1,58412
38,2,6,79,0,2,20468
126,1,6,99,0,2,69849
149,3,16,44,0,2,22851
32,1,16,88,0,1,21199
41,1,16,86,1,2,39579
74,1,4,75,1,1,64391
159,0,6,52,0,1,38901
125,2,16,56,1,2,22439
80,0,4,52,1,1,31823
33,3,12,64,0,1,10334
155,2,12,97,1,1,46998
199,1,12,41,1,2,65729
111,2,6,63,0,1,56200
17,3,4,75,1,1,8602
74,0,4,64,0,1,56437
159,0,12,73,1,1,23034
12,1,8,51,0,1,57594
193,0,12,58,1,1,38613
34,0,6,89,1,2,27691
120,3,12,81,1,2,48609
22,2,12,69,1,2,18824
170,0,4,76,1,2,13856
112,3,12,82,0,1,20159
188,3,16,40,1,1,27685
51,1,16,99,0,1,10301
33,3,8,42,0,1,31479
182,1,6,88,1,2,64993
169,0,6,65,0,2,61602
102,1,4,54,1,1,22073
185,3,6,85,1,1,11566
91,2,8,95,1,1,30937
147,2,16,86,1,2,23558
139,0,4,87,0,2,59628
94,0,16,67,1,2,22060
183,2,8,43,1,1,69914
190,1,4,58,1,1,15120
119,0,12,63,0,1,39636
136,3,6,100,0,2,61162
96,0,8,96,0,2,26773
73,1,4,79,0,2,26214
165,0,16,45,1,1,47308
138,3,4,55,0,2,28457
129,3,12,71,0,1,46313
156,3,8,69,0,1,35990
91,1,4,74,0,1,29213
184,1,8,47,1,2,48822
123,3,8,100,1,2,37712
197,3,16,44,0,2,59418
123,1,6,76,0,2,49555
45,1,12,51,1,2,65534
150,1,4,64,1,2,11462
117,2,6,72,1,1,65987
187,1,16,78,1,2,23856
53,3,6,63,0,2,63070
32,2,8,50,0,1,20381
28,1,8,81,1,2,66462
128,3,12,74,0,2,28151
129,0,4,79,0,1,50627
140,2,4,40,0,2,25489
77,3,16,47,1,1,53395
120,0,12,62,1,1,10855
114,3,4,59,1,1,14503
119,1,8,71,1,2,22324
115,1,12,50,0,1,26543
54,0,6,46,1,2,45166
98,1,12,97,1,1,22129
25,3,12,69,0,2,54998
156,0,4,98,1,1,28530
111,3,16,87,0,2,33381
158,3,16,78,1,2,14024
199,3,4,52,0,2,49660
47,1,4,81,0,2,44559
145,1,4,100,0,2,45524
96,3,16,99,0,2,50760
187,2,4,88,1,2,26291
68,3,6,42,0,2,21592
199,3,6,46,0,2,41904
12,0,8,82,1,1,28515
129,3,6,52,0,1,8622
188,1,12,76,0,1,15245
62,0,8,64,1,1,60048
44,2,6,62,1,1,30043
63,0,12,90,1,2,23295
194,2,6,86,0,1,45736
109,0,12,72,0,1,46191
100,0,4,44,1,1,9415
80,2,12,71,1,1,47565
66,1,4,69,1,2,26446
9,1,12,70,0,2,59839
200,1,12,52,0,1,45030
111,0,6,81,1,1,42456
195,3,12,100,0,1,12158
58,0,6,44,0,1,32122
37,3,12,62,0,2,49162
18,3,16,40,1,2,37852
115,1,8,49,1,2,66882
83,3,6,89,0,1,56678
174,0,6,66,1,2,38997
97,0,4,93,0,1,9124
130,1,16,47,0,2,66238
198,2,4,91,1,2,29672
199,0,16,42,1,1,66899
196,3,16,58,1,2,26834
132,0,12,90,0,2,54220
189,0,4,41,1,1,14490
129,0,8,88,0,2,49746
101,2,16,70,0,2,17167
110,3,16,87,0,1,12929
193,1,6,92,0,2,12288
191,0,12,49,0,1,27330
169,3,8,92,1,1,18391
38,3,16,55,0,1,48683
59,1,6,76,0,1,36453
96,0,4,59,1,1,53441
83,2,16,42,0,1,22263
136,3,6,99,1,1,35855
190,1,4,74,0,1,27420
29,2,12,73,1,1,64868
47,3,4,60,1,1,44843
108,0,16,75,1,1,62659
118,3,8,71,1,1,54157
136,2,4,93,1,1,63248
72,2,8,57,0,2,53227
198,0,8,73,1,1,32108
189,0,4,95,1,1,65680
177,1,12,77,1,1,11667
156,0,4,42,0,2,51899
86,1,6,92,1,1,21742
29,2,8,42,0,2,16796
173,2,16,66,0,1,26920
106,3,8,41,1,2,41433
15,3,16,42,0,2,60069
197,1,6,56,0,2,9232
182,0,6,85,0,2,19979
24,0,6,78,0,2,32311
24,3,4,93,0,1,40091
97,2,8,92,1,1,30408
148,1,16,77,0,1,49311
152,2,6,79,0,2,17953
173,2,6,58,0,2,27279
88,0,16,58,0,2,38767
85,1,8,83,0,2,64565
180,2,8,44,1,1,30558
13,3,16,44,0,2,69110
170,3,12,53,0,1,28954
117,0,8,66,0,2,67868
21,3,16,88,1,2,15424
79,3,16,87,1,2,66493
196,2,6,75,1,2,14362
150,3,16,96,0,2,30772
61,3,4,79,0,1,23839
34,2,6,74,0,2,12538
20,0,6,60,0,1,54730
166,0,8,44,0,1,14644
170,1,12,94,0,2,31778
67,3,8,63,0,2,40557
13,2,4,96,0,2,39488
65,1,6,78,0,2,12350
56,0,6,89,0,2,8069
158,0,16,63,0,2,39174
169,2,12,79,1,1,33153
33,1,12,82,1,1,15169
54,1,16,100,1,2,61742
12,2,4,85,1,2,12084
27,2,12,89,0,1,21068
141,1,6,52,1,1,35026
66,0,4,77,1,1,21138
199,3,8,84,1,2,63086
153,0,8,97,1,1,16320
139,2,4,40,1,2,9506
24,1,6,82,0,2,20280
21,1,8,78,1,1,38865
20,3,6,49,1,1,42416
142,1,16,41,0,1,32568
135,3,12,55,1,2,22111
51,0,4,76,0,2,43935
126,0,12,55,0,1,26932
150,1,16,62,0,2,9479
26,1,8,65,0,1,67146
70,2,6,55,1,2,13523
170,2,6,66,1,1,40775
88,1,16,86,0,2,24603
170,1,4,80,1,1,16916
154,0,12,69,0,2,61349
155,1,8,72,1,2,54757
107,2,4,71,1,2,14917
170,0,16,48,0,1,10049
167,3,16,50,1,2,44553
129,2,6,76,0,2,15657
183,2,8,45,0,1,61064
51,0,4,69,1,1,68086
111,3,6,79,1,2,49730
159,2,8,54,0,2,57891
68,1,12,98,0,1,28679
132,2,12,87,1,2,38664
152,0,6,69,1,2,28505
78,0,4,57,1,1,50977
114,0,8,51,1,1,62191
57,2,12,94,0,1,40093
72,3,12,99,1,2,69541
106,1,4,43,1,2,64967
39,0,6,96,0,1,39682
171,3,16,93,1,1,21642
148,1,8,55,0,2,64152
65,0,12,62,0,1,65540
135,1,16,50,1,2,57661
149,1,4,93,1,1,26379
172,3,6,98,0,1,41782
119,1,8,63,0,2,27485
75,0,4,61,1,2,25306
47,3,6,78,0,1,67690
194,2,4,95,0,2,68548
151,2,12,54,0,2,50751
197,3,12,88,0,1,34131
139,2,16,54,0,2,46195
180,1,4,49,0,2,16212
97,0,12,67,0,2,67266
35,1,6,75,1,2,25448
103,3,16,93,0,1,30395
38,0,8,56,1,1,54577
10,3,4,75,0,1,34559
143,3,12,61,1,1,26283
31,3,6,62,0,1,40758
22,1,4,68,1,2,39683
178,0,6,61,1,2,44311
166,0,16,50,1,2,58118
52,0,12,75,1,1,62935
15,1,12,83,0,1,54387
78,2,16,68,0,1,35082
115,1,6,94,0,2,33089
122,1,4,81,0,2,44342
110,3,6,71,1,2,35691
132,0,4,53,0,1,8040
64,0,16,57,0,1,47749
37,2,8,77,0,2,57414
153,2,4,76,0,2,54373
121,3,12,73,1,2,48913
124,0,12,96,0,1,49992
174,2,12,84,0,1,68468
67,2,6,62,1,2,42587
105,0,6,71,1,2,23358
178,1,6,85,0,1,57279
133,2,12,42,1,2,26962
180,0,4,94,0,2,38659
158,2,12,82,0,1,39363
101,3,4,98,0,2,20812
141,2,6,61,0,2,30235
191,0,8,62,1,2,24376
129,2,6,43,1,1,56906
115,3,16,52,1,2,37428
11,3,4,100,1,2,32321
100,2,8,71,0,1,68357
158,2,6,97,1,2,60363
13,3,8,68,1,2,17085
39,3,12,79,0,1,10806
113,1,4,79,0,2,43047
153,1,16,94,1,2,31460
22,3,12,84,0,2,46455
175,2,8,94,0,1,53143
129,0,6,49,0,2,68157
103,2,4,52,1,1,38259
13,2,16,84,1,1,65078
119,1,6,95,1,1,58939
127,1,16,56,0,1,29116
130,1,4,77,1,1,18440
198,3,8,41,0,1,68377
74,3,16,56,1,1,56515
113,2,4,83,0,2,51368
146,2,16,65,0,2,57131
50,0,6,94,1,1,10179
152,2,16,77,1,2,49136
103,2,6,76,1,2,43891
139,1,6,44,1,2,13665
198,1,4,64,0,1,48981
88,1,12,48,1,2,57804
48,1,16,99,0,1,11390
140,1,8,67,0,1,66126
167,0,6,61,1,2,16359
42,0,12,68,0,1,33637
29,0,6,74,1,1,17064
200,1,12,94,1,1,9781
157,3,12,59,1,2,63018
119,1,8,44,0,2,15083
18,1,12,78,1,2,33972
10,0,8,83,1,1,33207
144,1,4,71,0,2,25985
67,0,6,78,1,2,27265
83,1,8,49,1,2,66794
94,2,6,79,0,1,42631
21,3,16,56,1,1,64485
25,3,4,76,0,2,41489
120,0,16,54,0,1,15242
80,2,16,99,0,2,69879
30,3,12,48,0,2,40389
90,0,12,71,0,1,19528
132,1,16,62,0,1,64725
182,1,12,50,0,1,48621
76,2,6,99,0,1,57394
54,3,12,52,0,1,67992
123,1,16,57,1,1,14905
37,0,12,88,1,2,12638
32,1,12,95,1,2,45140
163,1,8,48,0,1,61797
119,3,8,81,0,1,62579
32,3,16,44,0,2,65746
81,0,6,82,1,2,39369
65,2,4,61,1,1,58605
101,2,4,71,1,1,33572
126,1,16,86,0,2,44939
134,0,6,41,0,2,30866
176,2,6,98,1,2,64060
32,2,6,60,1,2,29953
85,1,8,67,0,2,35726
106,0,16,91,1,1,55141
123,2,4,63,1,2,53373
55,3,6,63,0,1,56455
17,3,16,53,1,2,11501
106,1,4,76,0,1,9186
18,1,8,66,0,2,42149
92,1,12,63,0,1,55018
156,1,4,45,1,2,63965
180,2,4,65,0,1,20616
142,0,4,93,0,2,67198
199,1,12,100,0,1,56541
133,1,6,54,1,1,26288
71,2,12,68,1,1,52626
9,1,4,75,1,1,34524
83,1,8,49,0,2,20225
128,0,4,67,1,2,37147
49,3,8,98,1,1,52487
61,1,16,90,1,2,9752
82,2,8,48,1,1,34313
23,0,4,60,0,2,67157
25,2,12,97,0,2,42722
194,0,4,49,0,1,69353
97,0,4,43,0,2,29655
151,1,16,93,0,1,41305
13,1,6,43,0,2,64734
192,1,4,45,1,2,26774
115,3,16,65,1,2,34365
182,3,12,79,1,1,56513
55,2,16,55,1,2,65082
49,1,16,47,0,1,17382
83,3,8,67,0,1,44704
195,1,6,55,1,2,25879
84,3,6,77,1,1,67531
139,3,12,88,0,2,39972
137,0,16,100,1,1,46984
66,1,12,40,1,2,28907
162,1,12,58,1,1,11370
34,3,6,89,0,1,9259
86,1,6,56,0,1,13826
79,3,6,88,0,1,61227
14,1,4,67,1,2,43798
198,0,16,83,0,2,12695
118,1,12,51,1,1,40864
126,0,16,45,1,1,20765
181,2,12,46,0,1,54077
70,1,12,47,0,1,69930
131,1,12,42,0,2,40705
19,1,12,88,0,2,66663
148,0,8,60,0,2,61653
50,1,8,47,0,1,33290
24,1,4,67,0,2,26878
70,3,6,98,1,2,59898
127,2,12,69,0,1,12043
43,0,16,71,1,2,21586
15,3,8,50,0,1,13139
76,0,6,59,1,1,40630
97,3,4,89,1,1,57736
43,2,6,55,0,1,55530
35,3,12,64,0,1,58105
125,0,6,99,0,1,10897
100,1,12,84,1,1,48296
182,1,8,48,0,2,10030
83,2,8,90,0,2,23669
108,0,12,78,1,1,24977
165,0,16,100,1,2,42599
158,0,8,88,1,2,65699
151,2,16,79,1,2,22362
21,1,12,79,1,1,50636
78,3,12,100,1,2,68462
187,2,8,42,1,1,14599
131,3,16,55,1,1,40879
132,1,12,51,0,1,36310
44,2,8,54,0,1,45238
36,1,12,92,1,1,21626
150,3,6,43,1,1,33420
182,0,6,62,1,1,42941
181,0,8,66,1,2,11078
187,3,12,78,1,2,67953
26,0,8,82,0,1,9383
113,3,4,95,1,2,47489
28,2,8,76,1,2,11970
71,2,8,52,0,1,57513
172,2,6,82,1,2,66022
34,0,6,76,1,1,13078
62,1,12,79,0,2,43579
36,0,8,60,1,1,59974
155,0,8,68,1,1,67075
32,1,12,68,1,2,55092
77,1,16,88,0,1,22006
70,1,12,50,1,2,66631
171,1,6,90,1,1,29279
137,0,6,89,0,1,65618
157,3,8,67,0,2,21941
23,2,6,49,1,2,55499
153,3,12,44,1,2,21624
189,0,8,100,1,1,41673
107,1,12,95,1,2,32525
37,2,12,96,1,1,59034
52,2,8,64,1,2,41259
26,3,16,72,1,2,21715
41,0,6,56,0,2,55480
148,0,4,88,0,2,64963
178,0,4,72,1,2,49500
69,2,4,64,0,1,43654
125,3,6,72,1,1,20607
107,2,16,94,1,2,63284
29,2,12,93,1,2,55328
187,1,8,48,1,2,24839
187,3,16,66,0,1,41418
118,1,4,64,1,1,33888
171,0,6,43,1,2,58456
80,2,6,48,1,1,61664
154,3,8,85,1,1,54563
45,0,12,54,0,2,27993
77,3,16,55,1,1,49763
123,2,16,55,0,1,66141
86,3,16,52,0,1,44152
192,0,12,53,1,1,45472
155,1,12,61,1,2,40393
16,2,12,60,1,1,67356
39,1,8,48,0,1,51800
139,2,6,94,0,1,62879
57,0,4,80,1,2,19254
89,2,12,92,1,2,66424
12,1,6,43,0,2,24102
155,2,12,49,1,2,50273
94,0,4,74,0,2,27029
133,2,12,92,0,2,31500
82,1,6,48,0,2,29813
172,0,8,90,0,1,68978
29,1,4,87,1,1,10053
193,2,6,55,1,1,27898
75,3,16,88,0,1,41077
51,1,16,57,1,2,66128
41,2,16,49,0,1,38617
84,3,8,60,1,1,23191
49,3,12,90,0,2,29384
144,0,12,93,1,1,13121
113,3,12,54,1,2,40531
102,1,8,54,0,2,30106
142,1,16,50,1,1,39493
75,3,12,79,0,1,47665
154,2,8,93,1,2,29878
166,1,8,87,0,1,56373
135,1,6,81,1,2,64791
170,0,12,80,1,1,17806
192,2,16,86,0,1,49782
92,3,4,93,0,1,17519
196,2,8,76,1,2,24441
166,0,6,59,1,2,42016
90,0,4,73,0,1,34025
102,2,8,61,0,1,37897
188,0,6,87,0,2,63188
39,0,12,57,0,2,24901
73,0,6,55,1,2,26461
194,2,8,44,1,2,32726
123,0,12,40,1,1,69987
145,3,16,58,1,2,59309
137,3,6,49,1,2,14384
67,1,4,60,1,2,56898
24,3,12,100,0,2,44441
103,1,12,52,1,1,65249
151,2,16,94,0,1,45917
23,0,6,63,0,1,26897
53,3,4,62,0,2,14608
174,1,16,62,0,2,51244
166,2,6,50,1,1,25778
114,1,4,86,0,1,26089
95,0,4,41,0,2,50132
136,3,8,45,1,2,26805
146,2,4,92,0,1,16791
126,1,6,50,0,2,39235
92,2,16,54,1,1,27888
11,1,16,48,0,2,26683
78,1,8,51,1,1,28399
161,0,6,97,1,2,58648
118,0,4,98,1,2,47474
57,1,8,75,1,2,55639
147,3,12,67,1,1,52077
102,2,6,62,0,2,14771
99,2,8,66,1,2,64858
72,0,16,63,1,2,37278
54,3,8,53,1,1,24238
188,1,12,93,1,2,33010
113,0,6,74,1,1,10658
137,1,8,66,0,2,19891
113,1,4,60,0,1,43091
31,0,6,88,1,1,43663
11,3,8,52,0,2,9531
115,2,8,47,1,1,19358
26,0,6,83,1,2,38406
161,3,16,83,1,2,23505
47,1,4,83,0,2,39623
57,0,6,98,1,2,53722
178,2,4,73,1,1,41549
82,2,4,100,0,1,42193
19,1,6,81,1,1,45696
34,0,8,62,0,1,10551
120,2,16,48,0,1,36062
189,0,4,40,1,2,18515
56,2,4,100,0,2,53381
151,1,8,75,1,1,64575
137,1,6,94,0,1,41324
67,0,16,85,0,2,16704
189,3,4,55,0,1,19410
37,3,4,64,1,1,14438
91,1,6,57,0,1,30902
173,2,8,73,1,1,13786
35,3,12,77,1,2,44919
32,1,8,42,1,2,21199
103,2,4,59,0,1,14093
132,2,4,58,0,2,56353
17,3,16,52,1,1,36691
195,1,8,56,1,2,39902
49,2,12,53,1,1,68885
47,2,16,69,1,2,60051
84,0,12,61,1,2,31118
112,0,16,82,1,2,13016
125,3,8,87,0,1,47277
49,0,4,82,1,2,53056
54,1,12,68,1,2,43728
172,3,8,89,1,1,29327
29,3,12,41,1,1,33828
192,0,8,94,0,1,49684
114,2,16,92,0,1,25690
34,1,8,47,1,1,57911
48,1,16,53,1,2,29622
87,1,4,73,1,1,22202
169,3,16,52,0,1,24610
167,1,6,49,0,2,39767
96,2,4,47,0,1,61949
73,2,8,46,1,1,16499
19,0,8,52,0,2,60530
175,1,6,65,1,2,68353
80,3,8,95,1,1,63864
83,0,4,98,1,1,34093
97,2,4,71,1,2,66875
17,1,16,58,1,1,40054
103,2,12,95,0,2,50804
183,0,8,54,0,2,13208
27,2,6,93,0,2,15442
46,1,4,41,1,1,51628
67,1,4,93,0,1,29132
73,0,4,76,1,1,66140
72,1,12,58,1,2,69919
186,2,12,72,1,1,15045
131,2,8,78,0,1,57015
171,3,6,89,0,2,15624
159,3,12,72,0,1,26163
162,3,16,40,0,1,21184
137,2,12,78,1,2,64215
166,2,4,67,1,2,24969
64,0,6,56,1,2,58530
85,3,8,96,1,1,20549
36,2,12,45,1,1,39973
22,0,4,91,0,1,30091
19,2,16,83,0,2,29826
108,0,16,59,1,1,20982
163,3,8,86,1,1,47697
91,3,8,52,1,1,14420
132,3,12,51,1,2,52770
110,2,8,69,1,1,12031
31,2,4,60,0,2,68068
156,0,4,41,1,1,48210
145,1,4,92,0,2,47128
117,1,12,57,0,2,26231
85,3,12,67,1,1,34813
108,1,8,43,1,1,58193
153,3,12,81,0,2,45607
149,0,4,82,0,2,52445
169,1,6,92,0,1,15351
135,1,4,45,1,2,64937
65,3,6,77,0,2,24626
83,0,8,48,1,2,46313
157,1,16,59,0,1,10100
43,1,12,84,1,2,17441
180,1,12,69,1,1,9737
171,0,4,76,0,1,69013
29,0,4,77,1,1,39281
134,1,6,43,1,2,18110
87,3,12,77,0,2,69758
196,3,8,89,1,2,59906
107,1,4,99,0,1,25776
191,0,12,52,0,1,16439
103,1,16,94,0,1,64887
168,0,6,74,1,1,69616
180,1,4,69,1,1,32027
171,0,4,81,0,1,67029
155,2,8,43,1,1,34507
25,3,4,64,0,1,61168
45,2,12,70,0,2,20300
158,3,12,86,0,2,60584
116,0,12,51,1,2,36960
130,2,16,54,1,2,61678
151,3,16,100,1,1,54418
194,1,4,92,0,2,48552
156,0,16,96,0,1,36560
111,0,16,65,1,2,69166
147,1,8,100,1,1,59233
151,1,16,97,0,2,17539
88,3,6,49,0,2,21862
94,0,6,51,0,2,62727
149,3,6,97,0,1,62496
68,1,4,61,1,2,61888
53,0,12,79,1,2,57284
39,1,8,92,0,2,40223
22,3,4,60,0,2,19815
51,3,12,74,1,2,9854
152,3,8,46,0,1,51904
176,0,8,57,0,1,30434
61,1,8,66,1,2,45845
51,1,6,99,1,1,46108
105,3,6,74,1,2,65744
12,3,6,86,0,2,8605
116,3,8,41,0,2,53666
34,3,8,71,1,2,21371
123,2,6,54,1,1,22976
94,2,8,84,0,2,57283
111,2,6,63,0,2,20680
130,3,6,59,0,1,53868
86,3,6,49,1,2,64223
50,1,12,95,1,2,37252
104,0,8,63,0,1,14157
38,1,4,63,1,1,63730
106,2,6,63,1,2,39193
24,1,4,79,1,2,38870
90,3,12,87,0,2,24045
117,2,8,99,0,1,30997
189,2,6,96,1,2,61658
197,0,6,87,0,2,37016
39,0,6,73,1,2,57955
175,2,4,80,1,2,52227
148,2,12,79,0,1,39263
42,1,8,50,1,1,29576
140,2,12,65,1,2,28673
36,3,6,40,1,1,53993
77,1,12,69,1,2,44401
160,3,4,92,1,1,38264
102,3,16,82,1,1,40742
29,3,16,57,0,1,10676
180,2,8,65,1,2,9215
76,0,8,92,0,2,26861
96,0,12,100,0,1,23860
79,3,8,86,0,2,10264
136,2,4,95,0,1,39740
179,1,6,48,0,2,64942
94,3,6,48,1,1,8969
103,1,12,40,1,1,47396
82,1,6,46,0,2,8600
174,2,12,83,1,2,45223
61,2,8,98,0,1,30325
95,0,8,95,1,2,17524
164,0,4,81,0,1,10716
61,2,6,90,0,1,20708
23,3,4,100,0,2,39300
106,0,16,55,1,2,25165
27,1,4,77,1,2,69152
53,3,12,50,0,2,9434
200,1,12,90,0,1,22852
134,2,4,64,1,1,45106
65,1,8,68,1,1,22965
188,3,16,58,0,2,33592
118,2,4,57,0,2,67563
136,3,8,96,0,1,10702
88,1,4,86,1,2,69250
164,3,6,98,0,2,35392
91,2,12,68,1,2,28375
77,1,6,55,1,1,16651
15,1,6,85,0,1,64684
36,0,16,79,1,2,24189
119,0,8,47,0,1,64397
186,3,12,73,0,1,60792
168,0,6,45,1,1,24915
138,0,12,84,0,1,9977
195,0,8,84,1,1,54605
170,0,4,92,1,2,19469
115,2,6,69,0,1,54828
116,2,8,83,1,2,60916
27,0,12,73,1,2,41058
80,3,8,60,0,1,14077
174,2,4,91,1,1,65020
11,0,8,96,0,1,60727
26,2,12,51,0,1,61801
109,1,6,88,1,2,51435
180,2,6,45,1,2,14614
178,2,16,78,0,2,57664
148,3,12,99,1,1,42407
148,2,16,45,0,2,16446
195,3,16,92,1,2,45584
192,1,4,99,0,1,63001
93,0,12,43,0,1,27021
59,3,6,92,1,1,59117
118,2,12,48,1,2,57202
188,2,4,44,1,1,8799
116,3,12,49,0,2,65443
93,1,12,86,0,1,17939
50,0,16,47,1,2,35087
49,2,12,62,1,2,47410
97,1,16,43,0,1,24620
122,0,16,97,1,2,57623
33,0,8,76,1,1,42972
158,2,4,46,0,1,39017
50,3,16,45,1,1,15181
84,2,12,84,0,2,47027
163,2,16,90,0,2,49098
144,2,16,81,1,2,55178
27,1,16,54,1,1,68206
191,3,6,74,1,2,58535
46,1,6,89,0,2,52055
186,2,6,71,0,1,28885
19,3,6,53,0,1,26096
190,0,8,74,1,1,33526
18,3,16,50,0,1,31094
161,2,8,49,0,1,11796
49,3,12,100,0,1,59525
162,0,4,56,1,1,66701
18,0,8,52,0,2,28808
45,3,6,96,1,1,38370
105,0,6,73,1,1,62571
178,1,12,99,0,1,26083
26,3,16,84,0,1,18328
199,0,4,90,0,1,12110
141,0,8,44,1,2,27756
181,3,16,87,1,1,65977
123,1,16,49,1,2,56445
120,3,8,71,1,2,50843
177,0,8,51,0,1,38897
72,3,8,91,0,1,46349
106,0,8,52,1,1,18508
79,2,6,60,1,2,66472
194,3,16,87,1,1,38366
59,3,16,93,1,2,59538
125,0,6,92,1,2,16583
182,0,16,97,1,1,8168
127,0,8,72,1,1,35664
14,0,4,93,1,2,67396
18,3,16,80,0,2,61117
110,0,4,87,0,1,27592
68,3,4,90,1,1,50145
75,1,6,86,0,2,32556
160,3,12,89,0,2,53824
147,0,16,93,0,1,59879
161,0,6,71,1,2,27893
109,1,6,51,1,1,31933
117,3,4,85,1,1,24159
147,1,16,74,0,1,28861
178,3,6,75,1,2,69921
58,0,8,77,0,2,36002
124,3,6,87,1,2,21556
172,0,8,67,1,1,12720
53,0,12,52,0,1,26097
60,2,8,51,1,1,63771
95,2,8,61,0,2,43280
128,3,4,83,1,1,35837
20,0,6,41,1,1,61741
96,1,12,68,1,1,21834
132,0,6,52,0,2,47446
125,1,8,74,1,2,43446
61,3,8,52,0,2,41049
192,3,6,96,0,2,45694
123,1,12,73,0,2,24813
125,1,12,58,1,2,18820
11,0,4,48,1,2,24005
82,3,8,91,1,1,36924
56,0,8,70,1,1,29042
14,1,4,72,1,1,29546
117,2,6,66,0,1,56609
129,2,8,84,0,2,65257
18,2,6,41,0,2,60364
99,1,12,54,0,1,12632
189,0,16,58,0,1,51905
180,3,4,96,0,2,51277
30,1,8,70,1,2,52944
35,2,4,96,0,2,68776
118,0,12,55,0,1,27047
64,3,12,82,0,2,49895
33,3,12,54,0,1,18534
160,1,12,45,1,2,9688
61,1,16,53,0,2,62746
36,3,6,66,1,1,30319
104,3,6,77,1,2,49842
171,2,16,58,0,1,51479
21,3,6,76,0,2,8816
85,1,12,82,1,2,68576
42,0,6,43,0,1,44634
37,2,4,97,0,2,63340
99,2,6,65,0,2,68190
24,3,4,99,1,2,40574
165,0,8,48,0,2,53935
100,2,4,80,1,2,41445
180,1,4,88,1,2,18446
86,3,12,79,1,2,37803
117,1,12,54,0,2,21815
186,3,12,80,1,2,35559
109,2,4,76,0,1,59641
113,3,16,43,1,2,48000
54,0,12,65,0,2,18506
188,1,12,91,0,2,10446
71,0,4,57,1,1,26272
173,1,8,80,1,1,9720
71,1,8,92,1,1,34479
94,3,6,98,0,1,8223
14,2,8,74,0,1,20952
29,2,12,93,0,1,41702
88,0,16,80,1,2,66656
176,3,6,80,0,1,42076
81,2,16,99,0,2,54265
145,1,16,68,0,2,49185
192,1,12,92,1,2,40967
142,3,4,63,1,1,69943
132,0,4,43,0,2,61258
57,3,4,60,1,2,56012
59,0,8,78,1,1,68228
168,3,4,46,1,1,56625
8,1,12,100,1,2,13074
188,3,8,62,1,1,67668
195,2,4,79,1,1,56130
169,2,16,98,1,2,28377
11,3,12,60,1,2,31456
152,0,12,40,1,2,61085
139,0,6,98,0,2,47701
178,1,12,80,0,2,58749
11,1,16,64,1,2,57156
8,0,12,70,1,2,57042
78,3,6,94,1,2,16471
185,1,12,83,1,1,48358
196,0,12,77,0,1,11019
42,0,6,84,1,1,46125
15,3,12,100,0,1,26748
159,2,8,44,0,1,57278
43,0,12,92,0,2,36975
185,1,4,70,0,1,18988
130,3,4,90,0,1,45594
50,3,8,97,0,2,11249
34,3,12,40,1,1,61053
39,2,16,93,1,2,69929
85,2,12,95,0,1,37108
128,1,4,69,1,1,38356
153,1,6,57,0,2,29541
163,3,8,47,1,1,52661
164,1,6,95,0,1,33058
23,0,16,65,0,1,27423
106,2,12,79,1,2,28794
54,3,16,97,0,2,66851
194,3,6,54,1,2,35744
38,0,12,58,0,2,66282
11,0,16,49,1,2,8016
172,0,4,63,1,1,65156
24,0,4,55,1,1,15083
46,3,8,82,1,2,45843
55,2,4,70,1,2,37118
181,2,4,83,0,1,53334
183,0,6,55,0,2,61094
46,1,4,55,1,1,53507
139,3,4,67,0,2,18905
37,2,6,59,0,2,53661
165,0,4,74,1,1,38382
29,1,4,98,1,1,69229
73,1,8,48,0,2,63324
115,0,4,79,1,2,60769
19,3,4,49,1,1,66377
43,2,8,100,1,1,50771
25,1,6,84,0,2,34583
97,2,4,57,1,1,53156
188,2,16,84,0,2,55756
8,1,6,84,1,2,14230
134,0,6,54,0,2,40649
193,1,4,84,1,2,49429
97,1,8,69,1,2,42092
94,3,6,87,1,2,44045
97,2,8,71,0,2,9624
141,0,16,79,0,1,15249
77,2,8,66,0,1,33811
51,1,12,66,0,2,24502
159,0,8,58,1,1,67227
93,0,6,49,1,2,48071
26,0,8,83,0,2,48708
108,0,8,85,0,1,18196
153,3,12,45,0,1,66131
102,0,12,92,0,2,47288
108,1,4,63,0,1,10475
37,3,6,48,0,2,43535
177,1,4,66,1,1,50387
40,1,12,46,0,2,57394
19,2,8,45,0,2,45848
125,0,12,93,0,2,52998
101,0,16,72,1,1,62616
162,1,8,60,0,2,40355
174,0,4,85,1,2,29106
144,3,8,95,1,1,36489
156,2,16,77,0,1,54503
83,0,12,83,1,2,16207
36,0,6,56,0,1,45379
168,3,6,70,1,2,63561
197,2,6,76,0,2,48882
124,3,12,100,0,2,14703
22,1,6,50,1,1,27166
9,1,16,67,0,1,64011
187,0,12,44,0,1,14163
124,2,6,51,1,2,58975
179,1,4,42,1,2,56833
189,3,12,95,0,2,12923
25,1,12,80,1,1,48970
10,1,8,77,0,1,29523
142,3,6,93,1,2,16470
178,0,4,41,1,1,51902
173,2,16,65,1,1,20620
172,0,12,41,0,1,30050
193,3,16,93,0,1,13520
168,1,16,51,0,2,31305
115,2,16,79,0,2,68135
194,0,8,41,0,2,42853
102,3,16,80,1,1,62221
129,1,6,100,0,1,25490
18,1,6,55,1,1,16223
75,0,4,99,1,2,22327
130,3,4,69,1,1,68469
120,1,16,96,0,2,33312
105,1,16,86,1,2,59000
100,2,8,85,0,2,68376
29,1,16,91,0,1,44376
179,0,16,75,0,2,21197
134,3,16,43,0,2,53100
141,3,12,50,1,1,32491
177,2,12,92,0,2,43445
32,3,8,63,1,1,8293
192,0,8,57,1,2,60348
92,1,6,66,0,1,58723
62,2,8,76,1,2,39063
151,3,6,41,1,2,68392
102,2,16,54,1,2,35515
149,2,8,50,0,1,63718
174,3,8,66,1,1,20454
163,2,8,95,0,1,24652
186,3,6,88,0,2,56321
126,0,6,87,0,1,31457
184,3,4,86,0,1,33723
16,1,6,62,1,1,60494
193,3,6,74,1,1,45945
180,1,12,91,1,2,8879
157,2,8,69,0,2,57210
167,3,6,86,1,2,51457
49,1,8,63,0,2,44659
60,3,8,58,1,2,57368
194,3,12,99,0,2,46468
81,3,8,68,0,1,15649
46,0,6,52,0,2,69683
129,1,8,87,0,1,63398
22,0,4,62,1,2,53572
164,0,4,51,0,1,65130
130,1,12,88,1,2,51271
118,3,6,87,1,2,14384
138,0,12,80,1,2,29340
90,0,4,68,0,2,57885
17,0,6,45,0,1,30334
99,3,8,90,0,1,46116
36,0,6,62,1,2,13571
42,2,16,70,0,2,47842
13,1,6,84,0,1,18694
147,2,8,60,1,2,37657
118,3,16,63,0,2,20831
45,0,12,47,1,1,40746
84,1,6,83,1,1,23200
100,0,12,48,1,1,59573
154,3,6,61,0,1,60529
74,1,4,43,0,2,32949
143,2,4,52,1,2,56314
15,1,8,73,1,2,47872
129,0,4,42,0,2,24348
91,1,16,76,0,1,63935
182,3,16,95,1,2,24495
139,3,6,67,1,2,18732
186,1,12,65,1,1,65637
92,3,16,89,0,2,43237
52,3,6,92,1,1,38868
143,3,12,85,0,1,59350
94,2,4,96,1,1,29677
23,0,6,73,0,1,19460
84,3,12,54,1,1,56382
16,1,8,47,0,2,31965
67,3,8,87,0,2,65511
85,2,16,74,0,2,19345
84,1,12,63,0,1,40837
78,0,8,91,0,1,46724
22,1,16,91,0,2,22761
78,1,6,99,1,1,17617
109,1,6,94,1,1,46842
176,1,12,76,1,1,10572
29,3,12,43,0,2,42422
159,0,12,94,0,1,59411
120,3,12,51,1,1,57253
179,2,8,58,0,1,30292
8,2,8,54,0,2,17923
17,1,16,96,1,1,46476
117,3,8,69,1,2,42129
191,3,6,84,1,1,65676
120,0,16,76,1,1,34828
57,0,8,51,1,2,38182
19,0,12,58,1,2,53284
96,3,8,73,1,2,60412
195,0,4,46,0,1,25506
161,0,16,67,0,2,9957
119,0,8,94,0,2,50919
85,1,8,67,0,2,38106
176,2,6,68,1,1,54009
171,2,12,76,0,2,65803
128,3,12,59,0,1,33793
30,3,6,100,0,1,31082
178,1,6,50,0,1,62137
141,2,4,89,1,2,63931
178,0,16,89,0,2,21331
32,0,12,78,1,2,58082
25,3,6,81,1,2,65654
197,2,6,62,0,1,43657
148,3,16,91,1,2,30343
50,3,6,85,0,2,55783
85,0,4,59,1,1,54637
35,0,16,59,1,2,47907
153,2,4,50,1,1,9758
66,3,8,41,0,1,39913
195,1,12,52,0,2,48849
70,2,6,52,0,1,45109
192,3,16,80,0,1,48914
99,2,4,88,1,1,41239
186,2,12,54,0,2,61569
63,2,12,95,1,2,36812
162,1,6,93,1,2,43948
167,1,12,70,1,1,18552
118,0,6,100,1,2,48584
144,0,8,97,1,2,58296
75,3,6,62,1,1,24482
53,2,4,99,1,2,60801
74,3,12,92,1,2,8493
161,0,12,61,1,1,37839
143,1,12,93,1,2,10157
13,0,6,100,1,1,45347
31,3,16,55,0,2,59329
183,0,6,96,1,2,50383
101,3,4,81,0,2,21127
180,3,6,68,0,1,49465
20,3,12,59,1,2,64064
32,3,8,67,1,2,20497
155,0,4,66,1,1,16552
125,3,8,83,1,2,49113
89,3,4,68,0,1,32491
118,2,4,44,0,2,24004
89,3,12,91,1,2,24916
73,0,6,88,0,2,62818
52,3,12,81,1,2,23719
121,1,12,77,1,2,50971
182,1,12,92,1,2,43125
70,3,8,91,0,1,39193
83,1,4,77,0,2,51743
121,1,16,83,0,1,63931
118,0,6,92,1,2,54831
190,2,12,90,0,1,9969
154,1,4,41,1,1,45739
42,1,6,84,1,1,51307
60,2,16,93,0,2,20628
33,2,16,59,1,2,64323
21,1,12,82,1,1,25018
125,3,16,86,1,1,10601
52,1,16,52,1,1,58344
179,3,6,65,0,1,69859
200,3,6,74,1,1,23639
58,3,12,85,1,1,33312
178,2,4,47,1,2,67780
126,1,12,67,0,2,66552
158,1,8,80,1,1,67402
191,0,16,54,1,2,62956
26,2,4,94,0,1,41375
89,0,6,89,1,1,47189
83,0,8,47,0,2,13258
190,3,8,50,1,1,43833
99,2,16,68,0,2,69093
195,0,6,100,1,1,15866
194,1,4,98,0,1,48021
40,0,6,44,0,2,38595
154,2,16,86,1,2,61478
35,1,8,86,1,2,13570
130,1,16,98,0,1,59189
187,1,12,97,1,2,26569
133,3,8,46,1,1,33572
184,1,16,92,0,1,51538
44,3,4,57,0,2,15505
161,3,4,67,1,1,9179
106,0,4,51,1,2,29086
105,0,12,51,1,2,39760
134,1,6,75,1,1,64087
175,2,4,68,0,1,18112
87,1,12,50,0,2,35807
45,0,4,92,0,2,50292
84,1,12,45,0,1,22416
133,0,4,60,1,2,27128
94,1,6,49,0,1,10260
61,2,16,98,0,1,46888
157,1,4,71,1,2,11498
23,2,16,86,1,1,60565
35,2,4,72,0,2,13478
170,1,6,56,1,2,13798
195,2,16,42,0,1,16097
180,2,12,96,1,1,57357
53,0,4,82,1,1,23695
79,0,4,57,0,2,13380
190,2,12,49,1,2,26193
92,3,6,92,0,2,33475
33,1,8,80,0,2,49707
92,2,4,78,0,2,39986
160,1,12,82,1,2,40475
72,0,8,47,0,1,21164
141,1,4,73,0,1,35205
158,2,16,76,0,1,51402
122,2,12,80,0,2,57070
71,2,16,72,0,1,54804
94,2,6,88,0,2,37008
178,3,8,49,1,1,64094
114,3,12,79,0,1,50721
158,3,4,57,1,1,53836
103,2,4,64,1,1,20566
165,3,8,81,0,2,59448
84,1,16,80,1,2,45696
153,2,16,75,1,1,67075
94,0,12,41,0,1,29533
156,2,12,58,1,2,61150
64,1,16,49,0,2,13934
110,3,12,88,1,1,68303
158,2,16,42,0,1,25322
98,3,8,92,1,1,29634
52,2,12,58,0,1,53579
179,1,16,90,0,1,45323
95,2,12,65,1,1,47306
122,3,4,93,0,2,64847
54,3,4,90,0,2,47324
175,1,6,90,1,2,59316
186,2,16,86,0,2,29652
177,0,6,64,0,1,30636
142,2,16,89,1,2,38955
57,1,12,56,1,2,46889
183,0,16,49,1,2,60025
91,1,4,95,1,1,42218
98,2,12,100,1,1,13105
141,0,4,85,1,1,46404
98,1,12,90,0,2,41971
144,3,16,94,1,2,47820
116,0,16,89,1,1,34448
64,0,4,50,1,1,61643
38,1,8,50,0,2,60176
28,3,16,51,0,1,30528
97,0,8,79,0,1,59207
47,1,12,87,1,2,10191
119,0,8,96,0,2,34254
52,0,4,95,0,2,55378
84,0,6,47,0,1,32216
184,3,6,63,0,2,53342
94,2,4,53,1,2,51497
155,2,6,62,1,1,50625
108,3,4,89,1,1,61880
124,3,16,95,1,1,46458
99,1,8,92,1,2,29208
152,0,6,93,1,2,69470
35,3,16,75,0,1,27395
176,1,6,56,1,2,48387
32,2,12,84,1,2,32819
65,2,4,44,1,2,49099
48,2,4,42,1,2,43216
141,2,16,48,1,1,41492
82,1,12,59,0,2,34140
45,0,8,97,0,2,53219
141,1,12,89,0,2,24487
180,0,12,59,0,1,44815
82,2,8,90,0,2,8062
149,3,8,58,1,2,42830
73,3,12,60,0,2,36445
175,3,6,55,0,1,27949
10,0,6,72,1,2,34802
124,2,12,44,0,1,66890
106,1,6,63,0,2,47352
159,3,8,54,1,1,63820
26,0,8,65,1,1,61974
153,3,6,83,1,2,23847
199,1,8,64,0,2,22646
123,2,4,67,0,1,20264
132,1,8,72,0,1,12833
95,2,12,85,1,2,28030
42,2,16,57,0,2,50750
197,2,6,57,0,2,22291
8,3,6,77,0,2,24513
160,1,8,72,0,2,43783
180,3,8,66,1,2,23825
184,1,16,88,1,2,64821
133,0,16,89,1,1,13290
96,0,12,54,1,1,58078
151,1,4,83,0,2,42748
154,1,12,52,1,2,46293
158,1,6,91,0,2,67069
32,1,8,73,1,1,9819
23,2,12,43,1,1,39768
189,3,8,74,0,2,13107
80,2,8,58,0,2,20736
136,3,12,70,1,1,34783
49,3,12,64,0,1,19480
154,3,16,79,1,1,45551
169,2,4,51,0,2,43663
87,1,16,51,1,2,26140
111,2,4,81,1,1,67881
190,2,12,64,1,2,26711
153,3,4,72,1,2,51088
41,0,6,99,0,2,27580
96,0,16,76,0,1,34793
132,2,16,67,1,1,44421
52,3,16,99,1,1,56717
141,2,8,91,1,2,52121
28,2,8,82,0,2,18619
129,1,12,48,1,1,21147
77,3,12,53,0,2,47022
103,0,8,42,0,1,12259
112,0,16,44,1,2,41182
55,0,8,95,0,2,36670
46,2,4,65,1,2,36826
38,3,16,92,1,2,14337
17,1,8,80,0,2,16146
37,0,12,57,0,1,21787
25,3,8,77,1,1,55788
195,0,6,60,0,2,67179
95,1,8,96,0,1,39544
132,3,16,78,0,2,51028
80,2,8,55,1,2,60022
22,2,12,79,1,2,33598
11,0,4,62,0,1,47020
198,0,6,68,1,2,41166
175,3,16,49,1,2,68321
16,1,12,97,0,1,68263
116,0,6,44,0,2,28354
144,3,8,50,0,1,49088
161,1,6,68,1,1,34108
139,0,4,92,1,1,30954
23,0,6,84,0,1,58202
150,3,6,66,1,1,43720
106,0,8,91,1,1,24727
128,2,8,73,1,1,17616
59,1,16,53,0,2,41371
76,1,8,80,1,2,21606
12,2,6,81,1,2,17782
27,3,4,49,0,2,38915
86,2,8,99,1,2,47804
153,2,16,81,1,2,45596
118,1,16,97,0,2,30316
9,3,6,90,1,2,61403
100,0,8,50,0,1,14583
20,2,8,50,1,2,10148
11,2,16,74,1,2,14044
177,3,8,58,0,1,57899
116,2,6,63,0,1,65843
81,3,4,93,0,1,11356
196,0,6,40,1,2,13188
102,3,8,51,1,1,63050
112,0,6,100,0,1,8385
15,3,12,86,0,1,23811
74,2,12,53,0,1,12233
198,0,8,42,1,2,36919
117,2,8,91,1,1,14246
16,0,4,84,0,2,9735
124,3,6,89,1,1,26941
18,3,4,71,1,1,21686
106,3,8,55,1,1,45590
49,1,8,77,0,2,41946
148,1,16,49,1,1,22422
171,0,4,99,0,2,41647
127,1,8,56,0,1,25889
148,3,12,88,0,2,62480
19,1,16,79,0,2,58158
44,1,6,43,0,1,46065
81,2,16,54,0,1,11657
80,0,6,72,1,1,62261
59,0,12,78,0,2,18497
137,0,6,96,1,1,24656
63,1,4,49,1,2,43663
67,3,6,46,1,2,43863
30,2,6,72,1,2,68216
110,0,16,56,0,2,25990
47,1,12,51,1,2,43215
71,3,6,56,0,2,47264
92,2,4,86,0,2,35427
158,2,16,95,1,1,9324
164,0,12,55,0,1,18249
186,0,12,94,1,2,28286
96,3,8,53,0,1,31594
38,1,4,42,0,1,27506
185,3,16,90,0,2,68110
27,0,16,83,1,1,34730
190,3,4,90,1,2,62018
137,1,12,89,0,2,26113
160,2,6,69,0,1,46122
20,2,4,85,1,2,61737
129,2,16,91,0,2,59874
110,2,4,94,1,1,69914
113,0,12,80,1,1,61828
126,0,8,74,1,2,10894
77,1,8,65,1,1,35939
193,1,6,94,0,2,67184
106,1,6,51,1,1,64800
89,1,12,70,1,1,56896
82,3,6,91,1,1,55563
125,1,8,56,1,2,42729
91,2,12,76,0,1,63720
199,2,12,47,1,2,20616
76,2,12,58,0,2,39928
66,3,4,65,1,2,45630
195,1,6,43,1,1,69945
133,2,16,54,0,1,27059
118,2,8,90,1,2,26323
69,2,6,86,0,2,37149
151,2,8,97,1,1,57165
135,0,6,53,0,1,55993
112,1,16,69,0,1,53782
75,1,8,87,0,1,68402
22,3,16,95,0,2,57897
190,0,8,81,0,2,65314
42,3,4,63,1,1,55283
190,2,4,85,0,2,50970
21,3,8,91,0,1,35189
184,2,8,82,1,1,22640
109,2,16,73,0,1,12570
107,1,12,99,1,1,48477
14,1,8,58,1,2,43714
37,1,6,42,0,2,53579
56,1,6,43,0,2,43950
151,1,6,50,0,1,60638
118,0,4,52,0,2,47332
186,1,16,89,0,1,28890
79,3,4,57,0,2,28462
87,2,6,58,1,1,42675
90,1,8,83,1,2,44759
49,0,6,72,1,1,58799
24,3,8,95,1,2,61928
198,3,16,77,0,2,43431
180,2,12,42,0,2,16127
14,3,8,88,1,2,42650
162,3,4,74,0,2,24712
17,3,6,40,0,2,45135
41,3,6,74,1,2,20462
43,0,6,75,1,1,18397
160,2,8,77,1,1,29101
13,1,16,78,1,1,67031
159,3,8,94,0,2,69673
153,0,4,64,1,2,53196
141,2,6,79,0,1,13600
36,1,8,52,1,2,59318
133,2,6,43,1,1,8381
160,0,4,45,1,2,19784
190,0,12,50,0,1,23024
88,0,12,40,0,2,17625
181,3,12,47,0,2,61296
159,0,6,93,0,2,44649
82,1,8,73,1,2,48876
33,3,6,79,1,2,36017
134,2,16,91,1,2,35980
122,1,8,48,1,1,20436
133,3,4,75,0,1,51164
35,0,12,88,1,1,14747
138,2,8,78,1,2,26583
82,0,8,81,1,1,27916
173,1,12,76,0,2,37047
196,1,4,81,0,1,43497
85,3,6,98,0,1,16787
186,1,6,83,1,1,16038
97,2,8,60,0,2,11910
183,3,12,59,0,2,44264
28,2,16,77,1,1,52079
61,0,4,40,0,2,48270
191,2,6,74,1,1,44568
110,2,4,98,1,2,16162
66,1,4,67,0,1,59788
79,0,4,46,1,2,19262
186,1,12,82,1,1,40298
27,0,12,95,1,2,43591
119,0,12,83,1,2,42260
66,2,8,48,0,1,38270
78,1,12,40,1,2,27700
144,2,8,75,0,2,63927
116,2,6,73,1,2,61054
136,2,6,73,1,2,51269
164,0,6,56,1,2,45705
198,1,6,92,1,2,31801
63,1,6,71,1,2,23856
42,2,12,41,1,2,21363
130,0,16,75,1,2,28968
138,1,12,64,0,1,20052
111,3,16,82,0,2,35789
14,1,12,90,0,2,21683
34,2,6,95,1,1,47162
8,3,4,65,0,2,16172
179,0,16,84,1,2,47225
94,3,4,93,0,2,44064
48,3,6,65,0,2,30168
130,2,16,60,1,1,47991
82,1,4,57,1,2,23698
49,0,12,98,1,2,19784
124,3,6,68,1,1,39472
168,2,12,90,1,1,39726
185,1,12,63,0,1,66867
70,3,6,86,1,2,32548
172,2,16,67,1,1,36131
194,2,8,51,1,2,20451
134,2,8,96,0,1,46328
183,0,6,50,1,1,25358
140,1,8,66,0,2,14276
55,3,4,62,0,1,14224
10,1,16,72,0,2,63645
123,1,12,55,0,1,58822
182,3,12,67,1,1,69573
197,1,6,67,1,2,47886
106,0,12,84,1,2,16184
123,3,4,100,1,1,29555
21,3,4,77,0,2,63789
198,2,6,94,0,1,45573
119,1,12,99,1,2,63913
68,3,8,45,1,1,69238
166,3,8,81,1,2,59955
102,0,16,98,0,1,34107
24,2,6,68,0,1,28200
131,3,16,73,0,1,23308
31,0,8,100,1,1,13133
123,3,8,96,0,2,21696
158,3,8,42,0,2,22048
89,3,16,45,0,2,23560
57,0,6,87,1,1,18404
86,1,4,77,0,1,20848
86,3,4,95,1,1,61231
77,3,8,52,1,2,65227
34,1,6,75,1,2,39876
22,3,6,54,0,2,16773
57,2,12,45,1,2,24243
43,3,12,72,0,1,14262
15,2,16,80,0,1,15818
86,1,12,51,1,1,24114
138,0,16,96,1,1,23028
197,1,4,94,1,2,27941
54,3,8,82,0,1,64502
112,2,6,52,1,2,68873
105,0,4,72,0,2,43150
103,3,4,90,1,1,30065
196,0,16,67,0,2,68028
167,0,8,92,1,2,24614
123,3,16,75,1,1,47222
20,1,4,44,0,2,26267
8,3,6,94,1,1,69442
41,3,12,64,1,2,18103
197,1,16,56,1,2,14031
86,2,4,76,1,2,66028
85,3,12,58,0,2,12176
128,0,12,74,0,2,18147
100,3,4,82,0,1,66642
105,3,8,73,0,2,45251
89,0,4,93,0,2,62074
166,1,6,85,1,2,42136
199,2,12,45,0,2,10266
160,2,6,58,1,1,25035
45,0,16,40,0,2,42878
21,1,12,46,1,2,22775
143,3,8,73,0,2,43866
98,3,4,95,1,1,10755
61,3,16,58,0,2,48316
137,3,6,72,1,2,69079
108,3,16,65,1,2,28432
96,0,8,80,1,1,38459
63,3,4,92,1,2,21559
101,3,16,88,1,2,25561
100,1,6,81,0,2,67601
91,3,16,66,1,1,23381
92,2,4,77,1,2,48517
196,0,16,65,1,2,33618
29,0,6,74,0,2,26940
42,0,4,98,1,2,19876
23,2,8,59,1,1,55777
57,3,8,63,0,1,63946
129,0,12,86,0,1,19127
135,2,16,60,1,2,50583
120,1,6,99,1,1,15596
178,3,16,93,0,2,26468
24,2,4,65,1,2,67798
87,3,12,59,1,2,26855
193,1,6,45,1,1,29162
137,2,16,42,0,1,38467
139,3,6,49,1,2,26769
92,2,4,51,1,2,16157
174,0,12,72,0,1,50254
101,3,6,61,0,1,53028
141,2,4,100,0,2,8918
88,0,8,55,1,1,23102
76,1,6,56,1,2,12747
76,3,12,49,0,1,38275
155,3,6,51,1,1,50563
199,1,6,58,0,1,35571
23,0,4,99,1,2,62888
58,1,16,79,1,2,29965
112,3,16,62,1,2,68730
172,2,6,79,1,2,58233
177,0,12,49,1,1,16567
192,0,12,49,1,2,48634
73,0,4,89,0,1,32007
16,1,6,49,1,2,14550
114,1,6,78,0,2,50368
107,2,16,69,1,2,26487
93,2,4,43,0,1,39194
71,0,8,40,0,1,30019
29,2,12,82,1,1,30300
169,1,12,58,1,2,32592
190,2,6,44,1,2,41200
164,1,4,69,0,1,61202
173,2,8,65,1,1,41004
117,3,12,79,1,1,8306
104,1,4,73,1,1,63033
25,3,8,41,1,2,20720
78,1,6,63,0,2,40791
200,2,16,53,1,2,62571
134,3,12,80,0,2,52269
104,2,12,81,0,2,49973
8,1,8,52,1,1,57832
139,3,16,68,1,1,67192
11,0,4,40,0,2,42283
132,2,6,85,1,1,25335
89,1,4,73,0,2,13407
34,3,8,43,0,2,8414
178,2,12,67,1,1,45616
66,3,12,58,1,1,33999
39,2,4,40,1,2,61663
168,2,6,75,0,2,12971
35,2,8,82,0,1,23145
113,3,6,52,1,1,12985
112,3,8,98,1,2,32353
190,2,6,89,0,1,15650
195,0,4,81,0,2,29754
77,0,16,44,1,2,20964
69,0,8,72,0,1,51407
41,1,4,53,1,1,39572
94,0,12,55,0,2,67532
121,3,12,95,1,1,30905
113,0,6,97,1,1,35767
63,3,12,71,0,1,29841
120,1,16,89,0,1,24833
20,3,8,66,1,1,51895
191,3,6,74,1,2,48096
25,3,8,42,1,1,35752
189,0,8,43,1,1,21137
120,2,4,46,0,1,65435
178,3,12,52,1,2,31012
46,0,8,80,0,2,64738
196,0,16,42,0,2,20708
177,0,16,56,1,1,23051
86,2,12,86,0,2,35175
153,2,12,98,0,1,27335
158,2,6,49,1,1,60277
189,2,6,86,1,2,63896
37,1,6,40,1,2,52678
105,2,12,67,1,2,9537
65,2,8,98,1,2,43936
74,2,4,93,0,1,13687
78,3,6,92,1,2,24352
153,3,4,49,1,1,59047
113,2,16,46,0,2,48571
14,1,12,78,1,2,49144
47,3,16,42,1,2,42224
77,0,6,46,1,1,42262
200,3,8,48,0,2,13060
75,0,6,79,1,1,66492
56,3,4,74,1,1,35981
59,2,6,65,1,1,17479
121,3,8,44,1,1,37523
114,2,8,52,1,1,34814
36,2,12,84,0,1,18065
156,3,12,69,1,1,42518
85,0,8,79,1,1,33820
16,0,8,89,1,1,18438
182,3,4,78,1,2,30871
83,2,6,98,1,2,57325
49,0,12,49,0,2,45080
186,1,4,81,0,1,27661
191,2,6,62,1,1,26405
186,3,12,50,1,2,62850
135,2,4,51,0,2,9396
27,1,16,52,0,1,8173
162,1,16,79,0,2,63373
173,0,12,88,1,1,52354
79,1,4,95,0,2,23913
72,2,6,85,1,1,67967
189,0,6,88,1,1,31935
120,1,4,90,0,1,19080
31,0,16,55,1,1,55540
135,0,4,48,1,2,43014
182,3,16,91,0,1,63897
90,0,16,49,1,1,27462
70,0,6,68,0,2,60203
192,1,12,48,0,2,61881
190,2,8,72,0,2,42467
67,2,4,63,1,1,22963
106,1,16,74,0,1,63820
69,2,4,50,0,2,66306
37,0,12,78,1,2,27475
29,3,12,89,0,2,28168
133,0,8,52,1,1,9844
164,0,8,94,1,2,47165
176,3,16,62,0,2,53653
49,1,8,64,0,1,60403
105,0,16,89,1,1,56876
200,0,6,55,0,1,48288
38,1,16,95,1,2,17942
165,0,8,87,0,1,41660
119,0,4,60,1,1,16406
153,2,8,49,0,2,27813
129,1,12,80,0,1,21171
24,0,8,79,1,2,31129
45,0,6,58,0,2,38303
149,3,16,74,0,1,28028
117,3,12,98,1,2,35191
191,3,16,67,1,2,29723
29,0,16,97,1,2,24989
63,0,8,95,0,1,65895
126,3,4,80,0,2,55440
154,2,12,41,1,2,61566
64,2,6,90,1,1,24312
179,2,6,69,0,1,40503
42,2,4,79,1,2,59665
121,1,4,89,1,2,37400
132,3,8,79,1,1,47811
136,0,6,44,0,2,25561
59,3,12,77,0,1,53406
92,2,4,81,1,1,29565
172,0,4,54,0,1,25867
72,1,4,99,0,2,37621
186,3,12,75,1,1,60463
136,0,6,42,0,1,28669
28,0,12,63,1,1,31697
188,2,12,80,0,2,17737
23,2,8,87,1,2,40035
130,3,4,100,1,1,54721
68,1,6,87,1,1,56187
61,0,8,86,0,2,17688
175,2,8,95,1,2,20974
33,3,16,80,0,2,32648
87,2,4,88,1,1,46126
72,3,6,92,0,2,30943
107,2,6,51,1,1,36612
81,1,6,94,1,1,51186
199,0,4,47,0,2,58242
178,2,6,53,1,1,50576
24,0,12,98,1,1,69516
128,3,12,57,0,2,22583
194,1,4,83,0,1,29186
30,0,6,98,1,1,33563
142,2,16,85,1,2,34691
179,0,16,59,0,1,9591
188,0,16,62,1,2,23458
78,3,12,44,1,2,13901
115,1,16,40,0,1,48847
86,1,6,84,1,1,49547
169,0,6,85,1,2,17034
53,0,16,41,0,2,44417
85,3,8,55,1,1,36192
23,0,16,44,1,1,23116
78,3,8,61,1,1,25949
103,1,4,40,1,2,60761
154,1,4,51,1,1,43697
9,3,6,58,0,1,41489
17,0,12,93,1,1,9804
185,1,6,61,1,1,20611
132,2,6,94,0,2,68538
88,3,12,81,1,2,8654
147,1,6,83,1,1,16336
77,1,12,90,1,1,55877
157,1,6,87,0,2,64836
39,2,4,56,1,1,50656
112,2,8,52,0,2,30837
91,2,6,78,0,2,61391
136,0,8,67,1,2,21229
189,3,16,98,0,2,35287
65,0,6,42,0,1,25276
153,2,4,44,0,2,35140
141,3,12,75,0,1,12290
52,0,4,99,1,1,36130
104,0,8,54,1,2,58812
30,0,12,56,1,2,36122
30,2,4,83,1,2,54667
161,1,4,94,0,1,45681
142,3,4,85,1,2,31720
86,2,12,68,1,2,51736
51,3,4,43,0,2,15350
34,2,4,71,1,1,61072
33,0,8,88,0,2,50096
104,0,4,82,1,2,58451
43,1,4,77,1,2,10523
116,1,16,43,1,1,68593
62,3,12,52,0,2,42428
199,1,16,59,1,1,66658
192,1,8,86,1,1,65777
76,3,16,57,0,1,15630
68,2,6,88,1,1,12512
137,1,12,90,1,1,42626
62,2,4,81,0,2,33286
129,0,16,76,0,2,16329
104,1,16,51,1,1,19752
87,0,4,64,0,1,58905
94,0,4,69,0,1,19048
45,2,8,54,0,1,48103
126,3,16,94,1,2,63429
85,1,16,75,1,2,58336
164,2,6,47,0,1,64079
161,3,6,67,0,1,22071
42,0,16,91,1,1,25117
86,1,6,61,0,2,59003
74,0,16,99,0,1,14520
94,0,12,88,1,2,66697
164,1,8,77,1,2,49354
41,3,6,55,1,1,13291
104,3,16,97,0,2,26901
176,1,6,44,0,1,23106
176,1,8,85,0,2,64741
158,2,12,73,1,1,44095
78,2,4,88,0,1,40423
10,0,4,100,1,1,69398
65,1,6,77,1,1,14124
39,3,16,50,0,1,21431
38,0,8,41,1,1,59218
89,0,12,64,0,2,53863
50,0,12,64,0,2,56948
142,0,12,40,1,1,41014
112,3,4,70,0,2,29708
8,0,8,44,1,1,15587
68,1,4,79,1,2,11138
21,2,6,43,1,2,57493
187,3,12,90,0,1,39064
13,1,8,44,0,1,54995
110,1,12,44,0,2,68315
17,1,4,95,1,2,36344
78,2,4,55,1,2,10434
97,2,4,93,0,2,57493
165,2,12,57,1,2,24491
156,1,8,82,0,2,47588
133,2,8,56,0,1,61880
195,0,6,100,0,2,29477
104,2,12,74,0,1,62673
81,3,6,57,1,2,54381
122,1,6,43,0,1,67140
198,1,6,90,1,1,45994
177,0,6,70,1,1,15802
58,2,4,70,0,1,20872
199,2,6,48,0,2,18716
63,3,8,70,1,1,59536
48,0,6,44,0,1,36107
39,3,4,75,1,2,18552
22,3,16,55,1,2,21465
69,1,16,81,1,2,13920
162,1,16,80,1,1,49568
35,2,12,55,0,2,63075
71,2,8,59,0,1,13468
194,3,4,93,0,1,23125
193,2,16,69,1,1,22077
137,3,4,65,0,2,35217
134,2,4,88,1,1,48464
43,2,12,70,1,1,51307
121,1,16,100,1,1,10739
20,1,6,89,0,2,61975
22,1,4,54,0,2,21845
96,1,16,91,1,1,69675
195,0,4,80,0,1,13060
29,1,12,77,1,1,64192
198,0,12,77,0,1,65554
81,1,6,82,0,2,32861
32,2,12,96,0,1,18662
108,3,16,99,1,2,62990
183,2,12,59,0,1,16685
178,2,6,74,0,1,25401
124,0,8,62,1,2,11490
173,1,4,83,0,1,60036
48,3,4,86,1,1,10814
180,3,16,78,0,2,50949
95,1,6,64,1,1,55448
175,0,6,93,1,2,65866
117,0,6,89,0,2,45682
127,0,4,61,1,1,18558
104,3,12,86,1,2,21653
152,0,4,47,0,2,52410
64,0,4,93,0,1,34232
137,3,4,48,0,1,65067
103,3,12,54,0,1,60216
128,2,8,87,1,2,35318
69,3,16,59,1,1,57741
144,1,8,74,0,2,49594
75,3,8,98,0,1,36616
88,3,4,76,0,1,32783
24,0,8,42,0,1,26617
124,2,4,98,1,2,33552
57,0,4,99,1,2,34640
119,2,16,73,1,2,25697
101,0,6,73,1,1,32553
175,1,4,75,1,1,20541
193,0,8,74,0,1,25354
92,0,16,48,0,1,45474
156,1,8,69,1,1,47357
153,1,6,94,1,1,57057
190,3,12,93,0,1,39715
164,0,6,65,1,2,50439
159,1,16,51,1,1,17362
81,1,6,63,1,1,21171
116,3,6,80,1,2,11185
152,2,16,58,0,1,15264
25,1,16,83,1,1,56509
49,1,8,55,1,2,33975
108,0,4,65,1,1,64278
52,3,12,62,1,2,69945
89,0,12,96,1,1,68737
24,2,12,72,0,2,59527
80,3,6,81,0,1,61596
21,0,16,96,0,2,23529
184,1,16,69,1,1,47218
164,1,16,62,1,2,24582
139,3,4,49,0,1,44016
89,1,16,75,0,1,9147
155,0,16,100,1,1,62428
127,3,6,70,1,2,47518
127,1,8,82,0,2,40029
54,1,12,99,1,1,12706
114,2,6,61,1,1,37592
115,2,6,82,0,2,38574
16,3,6,82,1,2,12035
86,2,12,93,1,2,57008
162,0,6,77,1,2,34858
22,1,8,86,0,2,17917
26,1,16,41,1,2,33893
97,1,8,92,1,1,37456
187,3,16,62,0,1,39561
33,3,16,93,1,1,11968
161,2,6,74,1,2,19281
161,1,6,98,1,2,45822
181,1,12,99,0,1,54253
99,1,4,76,0,1,58578
184,1,8,100,1,2,35004
89,1,12,71,0,1,58993
188,0,12,95,0,1,31671
138,1,8,82,0,2,45631
49,0,8,92,0,1,22431
26,1,16,51,0,1,52853
24,3,4,97,0,2,14174
168,3,6,74,0,2,26528
83,0,4,80,0,2,34069
184,1,4,98,0,2,41472
191,3,6,42,1,1,17960
70,3,4,73,0,1,41837
138,1,12,77,0,2,52834
114,1,12,63,1,2,34859
56,3,6,77,1,2,48496
62,1,6,56,1,1,30864
161,2,8,79,1,1,63969
106,1,8,40,0,1,14428
59,3,4,96,0,2,63429
107,3,4,47,0,2,16960
124,0,6,93,1,1,55798
125,2,4,54,0,1,55642
14,3,16,89,0,2,52683
53,2,12,84,1,2,16451
53,1,4,64,1,2,31030
107,3,4,47,1,2,47503
151,0,8,100,1,2,60095
159,3,16,91,1,2,56394
196,0,4,71,0,2,34163
61,2,12,89,1,2,39741
69,0,4,52,1,1,32659
136,1,6,85,0,1,28889
56,1,16,54,0,1,13275
32,1,4,45,0,2,60713
17,3,16,72,1,1,30855
125,1,4,46,1,1,55041
151,1,12,72,0,1,50599
193,3,12,86,0,2,26777
164,2,16,68,1,2,68314
99,1,8,77,0,2,30624
141,1,8,76,0,1,59836
151,3,6,83,0,1,26614
155,2,8,71,0,2,52358
87,2,16,97,1,1,68981
78,2,8,42,1,1,66157
85,3,6,93,1,2,28131
50,0,4,59,0,2,8895
161,0,8,53,1,2,49620
97,1,16,67,1,2,62192
85,1,16,77,0,2,19041
168,1,6,43,0,2,18617
33,0,6,54,1,2,9110
128,3,12,56,0,2,60897
52,1,12,76,0,2,47591
70,3,12,63,1,2,17350
187,1,4,77,1,2,10137
75,3,16,81,1,2,39207
161,3,12,80,0,1,21107
9,0,16,75,0,2,9840
149,3,6,97,0,1,59062
115,2,4,80,0,1,36240
37,0,6,47,0,1,51870
56,1,16,42,0,2,41510
147,0,12,69,1,2,11160
51,2,6,61,1,2,58468
168,2,8,91,0,2,45309
20,3,4,72,1,1,64718
85,2,16,64,1,1,48449
133,2,12,91,1,2,31391
105,2,6,98,0,2,28189
33,2,4,69,1,2,33616
156,1,12,76,1,2,22295
163,1,6,42,0,1,48876
55,0,16,43,0,2,58883
175,3,8,68,0,1,50615
73,1,8,96,1,2,64561
94,2,16,71,1,2,55036
86,3,4,62,1,2,55789
30,1,16,95,0,2,25951
88,0,6,58,0,2,26194
55,2,4,54,0,2,48642
131,3,8,90,1,1,45891
137,1,6,55,1,1,67672
91,3,12,62,1,2,51976
27,1,12,79,0,1,22868
194,0,12,85,0,2,34070
53,2,8,76,1,1,23597
138,0,16,40,1,2,33180
190,2,4,58,1,1,49437
19,2,8,76,0,2,31664
47,3,6,74,1,1,46620
73,1,6,69,0,1,45473
107,0,12,56,1,2,8141
85,0,4,78,1,2,55765
23,0,12,88,1,2,12655
90,3,6,65,1,2,59250
169,3,6,52,1,2,38927
51,3,16,93,1,1,51530
141,2,16,61,1,2,36602
199,0,16,85,1,2,46157
107,2,12,62,1,1,58438
29,0,4,83,1,1,33785
25,0,16,82,0,1,41575
19,1,8,72,0,2,15388
187,0,16,66,1,2,34704
130,3,12,74,1,1,60957
124,3,4,51,0,1,45272
58,3,16,48,0,2,41741
78,1,4,73,0,1,43706
55,1,8,53,1,2,39401
26,2,6,76,1,1,8085
13,0,4,42,1,1,32107
91,0,16,83,1,2,50756
162,3,12,83,0,1,22439
60,3,12,100,0,1,66651
114,3,12,60,0,2,33035
108,3,12,46,0,2,23075
55,3,4,72,1,1,38395
142,3,12,74,0,2,26892
194,0,6,50,0,2,58296
76,1,8,84,1,2,64980
18,3,4,71,1,1,23711
150,0,4,61,1,1,36464
199,3,12,94,0,1,61816
138,2,12,81,0,1,52220
129,2,4,58,1,1,55972
76,0,12,75,1,1,61797
30,1,12,93,1,1,30216
188,2,12,76,1,2,66753
44,2,12,50,0,2,21442
16,1,12,80,1,1,45034
22,2,16,52,0,1,50313
138,3,16,67,1,2,61282
100,1,16,88,1,1,66568
24,2,4,54,0,1,41959
161,1,8,52,1,1,57135
156,3,4,92,1,2,34108
79,2,16,82,1,2,34492
156,0,4,72,0,2,23870
128,2,8,47,0,1,68661
18,2,12,94,1,2,17439
173,3,6,71,1,2,67961
79,0,16,76,0,1,13921
113,0,16,93,0,1,37208
132,0,8,87,0,1,59177
42,3,12,43,1,1,27895
126,3,12,96,1,2,37215
21,3,6,90,1,2,46509
21,3,12,57,1,1,40356
17,3,8,62,0,1,21461
147,0,12,68,0,1,48792
45,1,8,41,0,1,32256
115,3,16,52,1,1,60844
126,1,16,55,0,2,30883
41,2,16,93,1,1,56916
176,2,4,98,0,2,53800
17,3,16,47,1,1,38671
129,2,8,58,1,2,48927
152,1,6,71,0,1,54075
152,2,12,42,0,1,45396
197,2,16,90,0,2,47284
122,1,4,88,0,2,11483
8,2,4,71,0,2,68667
19,3,8,80,0,2,18130
110,1,6,60,1,2,58167
11,1,16,64,0,2,14157
177,0,16,92,1,2,47126
148,0,4,94,1,2,59735
105,1,8,56,1,1,13139
113,1,4,64,0,1,25311
92,0,4,72,0,1,50471
128,3,6,70,0,2,58889
139,2,8,75,0,2,47347
89,2,6,62,0,1,21632
26,2,8,98,0,2,11038
137,1,16,86,1,1,15219
19,3,12,83,1,2,14500
88,0,12,64,1,2,26105
81,3,8,88,1,2,59918
105,3,12,83,1,2,37278
13,2,4,87,0,1,35995
143,0,16,69,0,1,10825
132,3,16,52,1,1,69765
58,0,12,82,1,2,31054
18,1,8,86,1,1,51694
198,2,4,68,0,1,49178
192,0,8,55,0,1,49481
134,1,12,77,0,1,24788
147,1,16,66,0,1,62290
80,1,16,65,0,1,65923
9,3,8,50,0,2,21077
15,3,6,86,0,2,67198
146,2,8,76,1,2,39013
131,2,6,42,1,2,14158
60,1,8,65,0,1,28805
17,2,6,73,1,1,60849
119,3,6,72,0,2,45834
15,2,6,54,1,1,18027
43,0,6,41,0,1,40925
113,3,4,67,0,1,60327
21,1,6,100,1,2,30295
189,1,6,59,0,1,50581
93,2,16,77,1,2,36253
156,3,4,83,0,2,47811
57,1,6,92,1,1,15921
174,1,12,55,0,2,54853
27,3,4,85,1,2,25189
94,3,16,43,0,2,33881
142,1,8,47,1,2,51154
144,2,16,83,1,2,65857
136,2,16,94,1,1,48003
161,2,4,85,1,1,24887
173,0,4,59,0,2,64388
45,3,12,65,1,2,32110
196,1,12,71,0,2,63138
51,0,4,52,0,2,69852
93,2,4,100,0,2,13183
51,0,4,44,0,2,27023
81,1,8,83,0,2,16957
126,1,16,81,0,1,24620
197,3,12,92,0,2,12491
129,2,12,90,0,1,50964
141,2,6,52,1,1,46728
152,0,8,80,1,2,42567
58,2,4,50,0,1,11387
45,0,4,76,1,2,24025
159,1,8,99,1,1,61151
58,1,12,71,0,1,9446
17,1,4,84,1,2,40899
127,1,6,81,1,1,47137
156,1,12,57,1,1,69019
77,0,16,68,0,1,46360
92,1,8,54,0,1,34610
64,0,12,59,1,2,44981
133,1,16,83,0,1,37309
46,0,6,75,0,2,67388
40,0,8,44,1,2,40630
194,0,4,79,1,2,63211
25,2,4,76,1,2,38434
191,0,16,72,1,1,53394
64,0,12,57,0,1,42226
103,1,6,58,0,1,13298
55,0,16,90,0,1,26406
49,0,6,71,0,2,42716
34,3,6,81,0,2,30989
81,2,6,61,0,1,50580
117,3,8,80,0,2,53731
187,1,16,97,0,2,20005
177,2,8,40,0,2,14861
39,2,12,93,1,2,48039
33,3,12,64,0,2,18353
32,2,4,59,0,2,48635
82,3,4,97,0,2,23630
30,0,4,74,1,2,69745
64,3,12,84,1,2,67101
187,2,6,45,0,1,12718
133,2,6,45,0,1,44918
94,1,16,100,1,2,24907
38,1,12,89,0,1,43249
71,1,4,76,1,2,69629
40,1,12,88,0,2,12484
9,2,6,100,1,1,31194
25,1,6,96,1,1,31886
182,3,8,96,0,2,16537
168,0,8,42,1,2,43080
91,2,16,76,1,1,31399
42,1,12,70,1,2,31655
186,2,8,74,0,1,34274
121,1,8,94,0,2,40908
153,2,12,84,1,2,14892
117,1,6,54,1,1,69678
95,0,16,56,0,2,48544
79,1,16,54,0,1,50081
132,3,16,44,0,2,27267
37,2,8,61,1,1,48396
179,2,6,85,0,2,54025
60,3,16,50,0,1,55668
145,3,12,67,0,1,39340
94,0,16,53,0,1,66378
187,2,4,78,1,1,69617
184,0,6,42,1,1,40136
146,2,4,94,0,1,48229
193,2,6,91,1,2,49942
171,0,12,81,0,1,51404
168,2,8,50,1,2,44228
182,2,8,69,0,2,59736
20,0,6,77,0,1,61885
47,1,16,44,1,2,34889
96,0,4,91,0,2,17348
75,2,12,61,0,1,23637
49,3,16,52,1,1,66921
154,1,8,83,0,1,19224
101,3,16,90,1,1,54180
26,1,4,90,0,2,63699
193,3,8,60,0,1,9307
30,1,6,98,1,1,23636
61,0,12,76,1,1,20426
72,1,12,64,0,2,23580
147,1,8,91,0,2,53124
31,1,6,60,1,1,10852
41,2,4,67,1,1,59376
60,3,12,80,0,1,44212
143,0,8,43,0,2,53600
25,3,12,68,0,2,55404
64,3,6,86,1,2,58403
119,0,4,74,0,2,34247
12,2,6,62,1,1,25779
161,1,16,46,0,2,33590
165,2,6,95,1,1,12741
189,2,6,91,0,1,55502
20,1,12,91,1,1,52174
90,3,6,85,1,1,25140
36,1,8,85,0,2,34607
10,0,12,48,1,1,64456
97,1,12,97,1,2,27004
111,3,16,62,1,2,54724
130,2,8,42,0,2,59581
193,2,6,100,0,1,55001
83,1,16,48,0,1,20758
137,0,8,100,0,1,50191
115,3,16,92,1,1,64957
163,2,4,43,1,1,44792
89,1,6,88,0,2,23078
84,0,16,64,1,1,40802
9,0,4,45,1,2,48201
134,2,6,87,0,2,69018
142,2,16,98,0,2,54031
33,3,16,57,1,2,24404
95,0,16,84,0,1,54219
23,3,16,46,1,1,59464
158,0,12,74,1,1,52431
175,0,16,70,0,2,57608
195,1,12,77,0,2,31671
80,2,12,95,1,2,48668
39,0,4,71,0,2,35573
22,3,6,74,1,2,45246
148,2,12,100,1,2,51542
12,3,8,67,0,1,9062
81,2,12,83,0,2,65072
59,2,8,44,0,1,47895
84,0,4,69,0,1,47957
176,1,8,61,1,1,17782
188,0,4,56,0,2,48862
117,2,4,49,0,1,34441
185,0,4,46,0,1,49006
150,0,8,43,1,2,61993
113,2,8,81,0,1,61786
134,2,4,66,0,1,38079
14,0,4,46,0,2,48417
47,0,6,62,0,2,29551
163,0,4,50,0,2,12774
167,3,16,92,1,1,13079
106,0,6,47,1,1,38715
150,3,6,47,1,2,20180
92,1,6,76,0,1,64400
72,3,16,44,0,2,42421
139,0,6,46,1,2,24428
18,1,6,61,0,2,45138
115,3,8,75,1,1,28148
33,3,8,41,0,1,60184
196,2,4,63,1,1,52342
172,1,4,90,1,2,61479
158,2,12,41,0,2,40853
92,1,16,87,0,1,19368
175,3,8,51,0,1,22066
158,2,4,86,0,1,53232
130,0,16,81,0,2,38441
151,3,6,94,1,2,58765
196,1,16,65,0,1,63933
75,1,8,77,1,1,23548
111,2,12,95,0,1,47995
87,2,8,84,1,1,44059
166,1,4,45,1,2,16779
60,3,4,62,1,1,49562
113,2,16,41,0,1,24151
160,0,8,65,1,2,56294
51,1,4,53,0,2,63933
147,0,6,57,1,1,27900
97,1,6,77,0,2,25640
108,0,12,96,1,1,18353
104,3,16,71,0,1,54587
16,1,4,90,0,1,55715
19,3,12,98,1,2,38870
76,2,6,97,1,1,20871
189,1,12,53,0,1,27419
189,3,12,69,1,2,51377
35,0,4,52,0,2,15516
63,3,4,79,0,2,68366
106,1,4,70,1,1,29670
117,3,16,76,0,1,18311
84,0,12,84,1,1,12955
110,0,12,77,0,1,51360
113,0,16,61,0,1,21322
116,2,6,98,0,2,66153
119,1,8,67,0,2,51748
65,0,6,97,1,1,41405
85,2,16,98,0,1,8152
82,0,12,100,1,1,21473
49,3,12,58,0,1,13909
173,1,4,82,0,1,35009
75,3,4,98,1,1,59890
188,2,12,55,0,1,23503
40,3,12,44,0,1,8138
78,3,4,83,1,2,22541
63,0,4,88,0,2,14239
112,3,6,41,0,1,57877
108,0,12,49,0,1,62852
58,0,12,86,1,1,54435
81,1,16,58,1,2,19734
178,2,6,59,1,2,59517
128,2,8,68,1,1,22847
150,2,8,64,1,1,8018
173,0,8,56,1,1,50396
150,2,4,90,1,1,59113
12,0,8,90,1,1,18646
90,1,16,52,0,2,59003
189,2,4,84,1,1,47880
58,0,4,55,0,1,29905
17,2,8,93,0,2,66206
147,2,4,92,0,1,24484
11,1,6,74,0,2,33168
102,3,6,75,0,2,47606
153,2,8,98,1,2,55121
87,1,16,78,1,1,69268
43,2,4,42,0,2,22464
32,2,12,48,1,2,15135
105,2,8,79,1,2,14029
171,2,4,100,1,1,20653
108,3,8,89,1,2,10509
16,3,8,92,1,2,54240
68,2,16,85,0,1,9955
60,2,12,91,0,1,17846
153,1,4,99,0,2,15078
178,1,8,68,0,2,48311
170,0,8,44,0,2,69771
70,3,4,42,1,1,61932
128,2,8,49,1,1,34264
112,3,8,70,0,1,25294
11,1,8,50,0,1,14163
100,3,6,56,1,1,53601
176,3,6,79,1,2,32377
180,2,12,80,0,2,14715
185,2,16,47,0,1,30526
35,1,4,91,1,2,47373
177,2,16,99,1,1,58333
87,1,16,41,0,2,64683
83,1,6,43,1,2,68300
123,0,12,55,1,1,40461
76,0,16,80,0,1,57756
105,0,16,97,1,2,63001
8,3,8,80,0,2,26754
174,0,4,60,1,2,38808
103,2,12,44,0,2,50970
24,2,4,97,1,1,20327
119,0,6,74,1,2,55055
98,3,16,53,0,1,21221
95,1,16,54,0,2,24586
170,3,4,45,1,1,24092
181,3,6,55,0,1,21870
177,1,8,62,0,1,41010
174,1,8,99,1,2,66873
97,1,16,70,1,2,63383
56,2,16,81,1,1,11740
197,1,12,85,0,2,27105
45,1,4,51,1,1,63178
158,3,16,80,1,1,16851
157,3,6,94,0,1,49672
139,0,4,58,0,1,52855
184,3,12,51,0,1,17366
66,1,8,84,1,2,45987
75,2,12,94,0,1,32822
137,3,4,52,1,2,25114
56,3,8,88,1,2,69271
133,1,6,41,1,2,36519
166,3,8,59,1,1,58712
118,3,8,94,0,2,66328
175,1,6,70,0,2,16687
55,3,16,48,0,2,62560
58,2,16,60,0,2,30942
50,0,8,47,1,1,51622
105,3,8,78,0,2,67470
190,2,12,76,1,2,38080
184,3,16,68,0,1,10575
131,0,6,58,0,2,31892
87,1,8,74,1,2,9082
192,0,8,84,1,2,59905
118,3,12,77,1,2,37570
150,0,12,65,0,2,60110
34,0,12,50,1,1,16735
199,1,4,75,0,2,19255
165,3,6,74,1,2,47601
171,0,4,43,0,1,18094
120,0,8,42,1,2,28698
93,1,12,84,1,2,68515
121,2,12,86,1,2,29474
131,3,12,51,1,1,38651
56,2,16,71,0,2,42918
83,2,6,86,0,2,14103
62,1,4,65,0,2,25267
63,1,6,82,0,2,59829
102,3,12,82,1,2,68146
51,2,8,52,1,1,62390
166,0,16,83,0,2,44743
193,2,6,77,0,1,57158
94,1,8,68,0,2,35011
188,0,12,94,0,2,32029
91,0,12,91,0,2,66889
158,1,12,90,1,1,46168
163,0,12,58,1,1,59241
23,2,16,98,0,2,12191
172,1,16,74,0,2,13623
156,3,6,87,1,1,10293
152,1,12,80,0,1,48159
44,3,16,98,0,1,28593
84,3,8,66,1,2,35167
154,1,16,85,1,1,45193
165,1,16,99,1,1,19766
52,3,6,70,0,1,69384
153,3,16,42,0,1,43992
69,0,8,74,1,2,25624
171,1,12,63,0,1,23848
107,1,4,91,0,1,69173
59,0,6,46,0,2,55375
26,1,8,90,0,1,23759
116,0,6,95,0,2,15517
51,0,12,74,1,1,44261
14,1,16,60,0,2,38980
179,2,16,40,1,1,11590
124,3,8,83,1,2,33292
75,1,12,92,0,2,16455
41,2,4,45,1,2,14944
76,0,4,78,1,2,41085
62,2,16,73,0,2,59359
17,1,12,57,1,2,35100
49,1,12,64,0,1,8640
48,2,8,54,0,2,8858
129,1,4,86,1,2,45011
145,3,8,71,0,2,38518
17,2,6,81,1,2,50430
109,0,12,88,1,1,23437
195,2,4,89,0,2,33550
135,2,8,57,0,1,33861
186,2,16,70,0,2,49011
156,2,6,68,0,1,36929
143,0,8,54,0,1,9019
200,0,16,97,0,1,32284
99,0,4,62,0,2,19814
120,2,4,77,0,1,53303
85,3,6,80,0,2,57144
92,3,16,50,0,2,18104
37,0,12,54,1,2,16479
56,3,4,62,1,1,13373
16,3,12,42,0,1,40371
152,3,12,58,0,2,21234
76,3,8,40,0,1,14357
65,3,8,63,0,2,29595
192,1,4,88,0,1,53599
69,0,12,50,1,2,15772
59,2,8,69,0,2,22567
196,3,16,89,0,1,61890
47,1,16,50,1,1,44669
173,2,16,99,0,2,65054
178,1,16,78,0,1,36684
70,3,12,40,1,1,62085
154,3,16,51,0,1,67924
57,3,12,43,0,1,19708
168,3,4,64,1,1,15670
148,2,4,47,0,2,58701
85,2,16,54,1,1,56984
104,1,16,82,0,1,12934
197,0,16,69,1,1,10666
50,3,4,100,1,1,10453
184,1,8,79,0,2,58719
43,1,4,71,1,1,28136
129,1,16,83,1,2,49247
115,3,8,74,0,1,10473
17,3,8,60,1,2,57587
102,1,6,70,1,1,33565
13,3,12,75,0,1,30608
64,1,16,66,1,1,36135
136,2,12,83,0,1,43173
78,3,6,47,1,2,39421
193,2,12,98,1,1,49214
28,0,16,62,1,2,38548
99,3,6,62,1,2,50969
134,0,12,81,0,1,42602
87,1,4,97,1,2,47810
63,3,8,94,0,2,36837
123,3,6,72,0,1,65808
155,3,4,52,1,1,28735
189,0,16,78,0,1,24806
32,0,8,91,1,1,69637
163,1,6,99,0,1,54292
12,2,8,74,1,1,37228
127,2,6,100,0,1,46701
28,0,6,55,0,2,55986
25,3,12,51,1,2,50855
182,2,8,100,1,1,39244
64,2,8,70,0,2,23411
100,0,4,44,0,2,33864
26,1,16,89,0,2,46840
135,0,4,79,0,1,33924
104,0,12,83,0,2,8554
200,3,6,99,0,1,57158
138,0,12,64,1,2,26149
177,3,12,60,1,1,10091
28,1,4,42,1,2,68587
47,3,6,87,0,2,35749
74,1,16,49,0,1,45598
160,1,12,62,1,2,54659
134,1,16,56,1,1,58809
62,0,6,81,1,1,17003
187,3,6,74,1,1,63246
179,2,4,64,1,2,15463
116,0,8,41,1,2,66572
105,1,4,66,1,1,59114
191,2,16,85,1,1,57642
190,0,4,48,0,1,16509
119,2,6,98,1,2,37866
122,1,12,88,1,2,20505
124,2,8,43,1,1,32466
94,2,6,99,0,2,26932
88,1,12,65,1,2,34416
73,2,16,71,0,1,50176
26,0,16,68,0,1,65676
142,2,16,61,0,2,58328
125,3,4,86,0,1,46867
198,0,16,52,0,1,26984
49,2,16,62,1,2,43862
49,3,4,70,1,1,56825
66,3,12,90,0,1,43031
27,3,6,80,0,2,41834
80,2,8,75,0,1,36008
24,1,16,92,0,2,62896
34,3,16,79,0,1,10790
182,1,16,70,1,2,47847
9,0,4,99,0,2,67805
70,1,4,54,0,1,52449
69,1,4,53,0,1,35245
107,1,8,74,1,1,26057
26,1,6,63,1,2,39336
24,1,16,69,1,2,59515
76,0,12,69,0,1,52928
174,0,16,66,0,1,60875
124,1,16,88,1,2,44269
88,1,16,79,1,1,43582
46,3,16,53,1,2,31026
43,0,6,84,0,1,41116
175,2,12,86,0,1,42890
180,0,4,50,1,1,56016
139,2,12,98,1,2,55827
160,3,16,86,0,1,28517
165,1,12,83,1,2,55365
36,3,16,65,0,2,36093
58,1,12,95,1,1,24595
159,0,8,93,0,1,11529
21,1,12,60,0,2,21961
76,2,4,48,1,1,64889
153,2,4,93,0,1,37456
177,3,12,86,0,2,36212
64,0,12,40,1,1,47117
19,2,6,83,0,2,61252
24,3,12,45,1,2,21930
37,0,4,40,0,2,50226
95,0,8,61,1,2,40915
106,3,4,90,0,2,9709
30,2,6,93,0,1,27406
136,2,12,52,1,2,54402
86,3,8,77,1,2,39106
39,2,4,88,0,1,11990
16,3,8,84,1,2,36040
22,2,16,80,1,2,21962
163,2,4,79,0,1,15854
159,3,16,70,1,1,44604
195,3,8,54,0,1,22256
170,2,12,89,1,2,65335
34,3,12,41,0,2,68665
116,2,12,92,1,2,12523
83,1,16,70,0,1,41136
155,0,12,65,0,2,64296
72,0,6,41,1,2,69324
184,2,4,50,1,2,37319
116,0,4,72,0,1,58622
136,2,8,57,1,1,35669
17,3,16,60,0,1,10597
54,1,4,98,0,1,37210
130,0,16,70,1,2,68697
66,0,8,65,1,2,9302
103,3,12,69,1,2,19516
197,1,8,78,0,1,42662
110,1,6,60,1,2,20254
131,1,12,88,1,2,10524
93,3,12,55,1,2,58240
153,0,12,46,0,2,62857
119,0,8,61,1,1,58478
181,1,6,46,1,2,15484
167,3,16,41,0,1,61421
34,3,8,76,1,2,22211
25,3,4,53,0,1,31966
174,1,4,47,1,1,66627
184,3,8,68,0,1,11356
89,1,16,83,0,2,30600
179,1,4,46,0,1,41870
79,1,16,77,1,1,25451
61,2,12,84,1,2,41512
169,1,8,61,0,2,11074
78,3,12,83,1,2,59642
171,2,4,56,1,2,67470
153,0,16,55,1,1,64696
45,0,12,72,0,1,60916
194,3,4,78,1,2,38858
144,3,6,74,0,1,63173
186,3,12,77,0,1,43630
42,3,6,99,1,1,35654
89,2,6,71,1,1,66226
140,3,4,92,0,1,22189
149,1,8,42,1,2,63107
165,0,16,93,1,2,64020
11,3,4,42,0,2,10560
174,1,12,47,1,2,45559
199,3,16,85,0,2,44602
160,1,8,70,0,2,59926
163,2,4,94,1,2,32652
157,0,8,48,0,1,60266
166,0,12,44,1,2,55003
30,2,4,67,1,1,68572
55,1,12,54,1,1,54299
155,3,16,88,0,1,62856
132,1,16,66,0,1,9012
173,0,8,81,0,1,45053
62,2,8,70,1,2,49834
75,2,16,98,1,1,28741
95,1,6,79,0,2,44324
8,1,16,57,1,2,55744
142,2,4,77,1,2,10325
192,0,12,88,0,1,64109
102,3,16,93,0,1,34301
147,3,16,43,0,2,40406
113,1,12,60,1,2,28372
140,2,12,86,1,2,26738
115,2,4,81,1,2,20159
185,2,12,62,0,2,18846
49,0,8,84,0,1,63845
109,1,16,61,0,2,19419
131,1,12,40,0,2,53355
147,1,4,64,1,2,26778
110,0,12,93,0,2,46310
153,1,16,93,1,1,45289
81,3,6,80,0,2,24425
115,1,12,67,1,2,55419
129,1,8,97,0,1,37309
24,1,16,76,1,2,26232
78,0,4,50,1,1,18316
69,3,16,61,0,1,12191
48,3,6,93,1,2,64582
126,2,4,94,0,2,60018
169,2,6,64,1,1,21024
52,3,6,92,0,1,34222
65,1,8,60,0,2,64045
186,1,12,75,0,2,65548
133,1,8,97,1,1,21599
169,0,8,59,1,2,11334
51,1,8,55,0,1,28043
22,0,4,67,1,2,31463
85,3,12,95,0,2,57806
77,1,12,68,1,1,59514
185,1,4,89,0,1,17584
108,2,8,65,0,2,36244
167,3,8,79,0,1,32459
10,1,6,41,0,2,29755
93,0,6,88,0,2,13452
81,3,16,49,1,1,29223
58,2,6,52,1,2,15593
74,3,12,54,1,2,22630
83,0,4,48,1,1,39361
100,2,8,66,0,1,57436
183,0,16,47,0,1,50300
152,3,6,45,0,2,41279
14,2,16,75,1,1,52015
20,0,4,89,0,2,28508
127,3,4,63,1,1,20003
73,0,16,42,1,2,68709
11,1,16,65,1,2,43846
145,3,16,75,0,1,45405
95,2,8,60,1,2,67606
24,2,12,52,1,2,55067
59,1,6,91,1,1,20215
141,0,6,50,1,2,49174
76,0,6,47,1,2,37859
144,2,16,96,0,2,68585
28,0,16,85,1,2,51228
31,3,16,85,1,2,13119
11,3,8,87,1,2,60483
159,2,8,53,0,1,43076
194,3,8,72,1,1,58989
10,2,8,41,0,1,65162
75,0,4,99,1,2,24001
108,0,8,91,0,1,13119
175,0,8,40,0,1,30120
183,1,8,50,0,2,8565
61,2,6,45,1,1,69035
42,3,6,71,1,1,48407
63,0,6,54,1,2,20090
115,1,12,51,1,1,16992
47,3,4,76,0,1,58430
75,3,16,68,1,1,66645
53,3,8,94,1,1,36206
85,0,6,83,0,1,53701
148,3,4,61,0,1,31575
162,2,8,85,0,2,13084
13,1,12,53,0,2,60656
24,3,16,58,1,1,49951
171,3,8,44,1,1,37300
106,2,16,74,0,1,22062
88,3,8,64,0,2,51485
9,0,12,89,1,1,29997
84,0,4,77,0,2,18621
187,0,16,48,0,2,30901
73,3,16,97,0,1,51560
59,1,4,46,1,2,47673
99,1,16,92,1,1,21634
178,3,6,57,1,2,35736
29,1,4,41,0,1,51099
118,1,12,91,1,1,8376
114,3,8,49,0,2,48910
190,0,8,83,1,1,58256
74,3,4,41,0,2,38337
195,0,6,99,0,1,63898
193,0,12,84,1,2,18339
147,1,8,100,1,1,66957
76,1,8,47,0,1,30058
91,0,6,97,0,1,46010
110,0,16,94,0,2,10847
46,1,4,46,0,2,19659
20,2,6,74,0,1,16214
48,0,6,62,1,1,59855
64,0,6,47,0,1,69355
188,0,6,60,1,2,62017
19,1,16,72,1,1,47430
20,3,12,86,1,1,60500
127,0,6,40,1,1,52729
104,0,6,51,0,2,23454
64,0,4,50,1,1,17110
47,3,8,87,1,1,18171
125,3,16,69,1,2,41144
87,0,6,43,0,1,23384
135,0,12,73,1,2,47202
180,2,12,62,1,2,33826
42,3,12,71,1,2,50156
10,2,4,100,0,2,34246
127,0,12,42,0,2,32004
12,0,4,67,0,1,23647
18,0,16,43,1,1,52100
133,0,12,96,0,1,19544
78,1,8,89,0,1,19102
124,1,6,51,0,1,30869
191,1,16,63,1,1,37541
145,2,8,72,0,1,42124
113,3,16,42,1,1,26150
123,0,12,43,1,2,29889
169,3,16,69,1,1,66709
74,1,16,45,1,1,18556
38,0,16,88,0,2,36552
82,0,4,69,0,1,46194
78,2,8,47,1,2,44609
73,3,12,57,1,1,60396
77,2,6,55,1,1,24927
48,1,12,92,1,2,19463
198,3,12,45,0,1,52623
167,1,4,63,0,2,38560
27,2,4,90,1,2,22410
192,2,16,67,0,2,30431
185,0,12,71,0,1,66119
160,3,8,64,0,2,24351
147,3,4,67,0,2,42388
46,0,4,60,1,1,45080
152,3,8,47,0,2,22968
52,1,4,75,1,2,16723
146,1,8,99,0,1,37120
77,2,6,48,0,1,48596
132,1,8,79,1,1,56134
158,3,6,60,0,2,25272
98,0,16,90,1,2,67257
77,2,16,40,0,1,36632
173,0,4,92,1,2,57544
137,2,8,92,0,2,50581
91,2,4,43,1,1,44225
96,0,8,49,0,1,64820
86,1,4,65,1,1,37842
120,1,16,79,0,2,10363
100,1,16,42,1,1,39173
79,1,4,83,1,2,31738
172,0,8,97,0,1,66692
56,3,12,48,1,2,35436
59,2,8,71,1,1,41085
40,0,4,42,0,2,30921
29,1,8,43,0,2,20666
121,1,6,45,0,2,16896
140,0,8,48,1,2,55897
25,2,16,65,1,2,21785
173,0,16,41,0,2,60923
125,0,6,41,1,2,66385
124,3,8,89,0,1,35450
44,0,12,60,1,2,28628
71,3,8,61,0,2,61805
145,2,16,42,1,2,56139
86,0,16,74,0,2,47653
177,0,4,89,0,2,51469
130,1,16,98,0,1,39903
183,0,4,77,1,1,12006
51,1,16,72,1,1,20002
89,1,16,96,1,2,35600
94,1,12,54,0,2,53750
23,2,4,50,1,2,55670
61,3,4,49,1,1,55369
109,1,16,75,0,1,29026
170,0,4,53,0,1,59279
105,0,16,41,0,2,61765
163,1,16,84,0,2,21950
9,1,8,87,1,2,37763
101,0,4,83,0,2,59901
148,1,6,93,1,1,65587
176,3,4,76,0,1,32584
66,3,4,90,1,1,56284
76,2,12,68,0,1,28038
126,1,6,74,0,1,55567
99,2,6,92,0,2,68037
188,2,12,59,0,1,50283
52,2,12,60,0,2,46207
155,1,4,73,1,2,51256
31,2,8,98,1,1,57148
196,3,12,88,1,1,59522
98,2,6,92,1,2,43371
101,3,6,82,1,2,13747
65,3,4,72,0,2,44301
162,1,8,58,0,2,31949
161,2,16,47,1,1,49352
135,1,12,70,1,2,58403
14,3,12,50,1,1,10966
177,0,4,47,1,1,37240
54,2,8,64,1,1,69683
60,1,6,88,0,1,52088
194,0,6,59,1,2,66510
45,2,16,77,0,2,38911
60,2,6,46,1,1,51526
150,1,12,92,0,2,15571
161,0,16,52,1,1,27391
55,1,8,78,1,1,64965
102,2,16,82,0,2,57074
154,2,8,49,0,2,47974
144,3,6,47,0,2,49152
71,2,4,81,1,2,49286
100,2,16,93,1,1,39202
189,0,16,82,1,1,44888
132,0,12,59,1,1,28581
186,3,12,56,0,2,66006
46,3,8,50,0,2,53272
11,3,4,55,0,1,45605
133,1,12,76,0,2,12025
10,1,12,81,0,1,69706
71,3,6,71,0,1,45025
36,1,6,65,0,1,55390
123,2,12,97,1,2,61925
18,3,8,91,1,2,49845
104,3,4,76,0,1,11953
109,1,12,91,0,2,26678
193,0,8,48,1,2,14317
162,3,8,74,0,2,44235
28,1,12,42,1,1,25416
46,1,8,70,1,2,9471
109,0,16,81,0,2,13113
53,3,8,46,1,2,39507
73,0,12,41,1,1,62842
98,2,8,64,1,1,67988
171,0,12,79,0,1,63957
118,0,6,51,0,2,61223
89,1,12,69,1,1,15739
130,0,8,93,0,2,9148
200,2,12,69,1,1,32616
198,1,4,68,1,2,30864
106,2,12,80,0,1,28140
42,0,12,50,1,1,39045
166,2,4,90,1,2,52716
163,2,4,91,1,1,23545
110,0,4,62,1,2,48176
136,0,16,56,1,2,19602
32,1,12,52,1,2,64413
50,1,4,72,1,2,19158
91,3,4,40,0,2,21303
198,1,6,99,0,2,55836
58,0,16,79,1,1,31047
137,2,12,52,0,1,44564
133,2,8,77,1,1,68624
199,1,16,42,1,1,11447
76,1,16,55,1,1,16276
16,0,6,81,1,1,36878
9,2,12,46,0,2,19610
169,3,12,93,1,2,64984
195,3,4,92,1,2,69600
196,1,4,42,0,1,20737
166,3,16,53,0,2,51123
17,0,6,55,0,2,12457
121,3,12,43,0,2,62522
83,1,6,70,0,2,19151
171,0,8,100,0,1,18422
92,2,12,52,1,2,18915
56,0,4,66,1,2,56455
77,1,16,98,0,2,10639
184,1,6,40,0,1,33606
138,3,4,64,1,1,48455
140,3,16,76,0,2,21698
196,2,4,89,0,2,58082
97,2,12,83,0,1,21681
33,1,6,50,1,1,21050
79,1,8,48,0,2,35235
12,1,4,99,1,1,55182
22,2,6,46,1,1,58973
130,1,12,53,1,1,13902
151,2,4,69,0,2,54300
8,1,12,63,0,1,30211
151,0,8,100,1,1,28193
172,0,8,42,1,2,38294
10,1,16,87,0,2,17785
187,0,16,78,1,2,22306
54,2,16,66,0,1,62683
102,3,12,40,1,1,40222
20,0,16,77,0,2,23017
127,3,6,65,0,2,17312
62,0,12,45,1,2,34257
156,2,12,98,1,2,9924
73,0,16,81,0,2,10440
189,0,16,51,1,1,69907
162,1,12,93,1,1,31397
173,3,8,90,1,2,44210
97,3,8,77,0,1,38737
193,2,16,85,1,2,25591
69,2,8,74,1,1,66510
109,3,6,49,1,1,13582
181,1,6,48,1,2,49021
146,1,6,62,0,2,16354
15,3,12,69,1,2,12647
104,0,12,100,0,2,22514
124,3,12,91,0,1,64554
71,0,12,90,1,1,57019
28,3,12,61,1,2,50043
122,0,16,86,0,1,21539
198,1,8,48,1,2,57390
92,3,16,58,1,2,51575
199,2,8,47,0,2,18985
27,0,16,93,1,2,22419
15,1,6,43,1,2,44554
65,2,4,44,1,1,34616
53,1,12,58,0,1,19304
38,0,4,85,1,1,49397
100,3,4,57,0,2,33104
16,1,6,96,0,2,49064
22,3,4,68,0,1,55640
101,3,4,58,1,1,53437
161,1,6,45,1,2,48028
145,1,8,44,0,1,33814
36,1,16,97,0,2,36552
87,3,4,82,1,2,40439
43,2,12,95,1,2,18456
91,0,6,44,0,1,63784
116,2,4,98,1,2,32726
125,3,8,47,0,2,54453
44,1,8,66,0,1,42561
93,1,12,76,1,2,47724
78,0,4,82,1,2,33206
158,0,12,97,1,1,56576
176,2,8,84,0,1,53477
100,2,8,77,1,2,37317
87,0,16,76,1,1,18159
109,3,8,57,0,1,32491
163,2,6,65,0,2,8206
183,1,16,81,1,2,43590
173,1,12,55,1,2,33409
166,3,8,61,0,2,52733
21,0,6,85,0,2,69085
124,2,16,62,1,2,58652
80,1,6,86,1,1,35211
98,0,16,42,0,2,63859
97,2,16,42,1,1,28705
36,3,16,51,0,1,56733
186,1,12,62,0,2,66147
56,3,16,86,1,1,22114
178,3,16,50,1,2,67201
79,3,6,81,0,1,63985
140,2,16,91,0,1,30633
49,3,12,86,0,1,27531
142,2,6,89,1,1,45379
49,2,16,96,0,1,58998
171,3,6,85,0,1,39667
112,3,12,68,0,2,20474
34,0,6,96,1,1,48902
65,1,12,45,0,2,55635
53,0,8,85,1,2,63570
73,1,16,55,1,1,11719
32,1,12,73,0,1,52994
80,0,16,90,0,1,67930
124,0,12,76,0,2,30478
162,1,4,50,1,1,53703
136,1,4,50,0,2,26449
94,1,4,92,1,1,28764
81,2,12,100,1,1,56429
177,1,16,64,1,2,51939
187,3,4,97,1,1,69314
160,3,16,58,1,2,21301
189,3,12,71,1,1,35528
132,0,16,89,0,1,61897
74,0,16,97,0,1,54823
13,0,4,47,1,1,57089
132,1,6,94,1,1,32569
65,3,8,51,0,2,14400
77,1,12,80,0,2,50202
60,2,12,74,0,2,18883
73,2,12,45,0,2,34543
65,0,8,60,1,2,26788
89,2,6,92,0,1,57407
94,3,16,65,1,1,35231
9,2,12,95,1,1,37969
157,0,16,40,0,1,47245
44,1,4,56,0,1,34412
155,2,4,74,1,2,48303
110,3,4,66,1,2,14140
31,3,12,89,1,2,30542
119,3,8,89,1,2,40946
72,1,12,41,0,2,64764
200,3,4,75,0,1,65091
136,0,4,40,0,1,62674
124,0,12,49,0,1,61335
123,3,8,70,0,1,47005
112,2,8,96,1,2,29324
10,3,16,76,1,2,19658
53,0,6,44,0,1,40795
62,0,4,80,0,1,55089
82,0,8,85,1,1,35320
199,2,4,92,1,1,22410
52,2,6,52,0,1,49013
161,2,4,84,0,1,49280
84,0,8,98,1,2,44398
200,1,16,63,0,2,31287
31,3,12,66,0,2,35881
42,3,12,40,1,2,63925
31,0,8,88,1,1,38467
35,2,8,59,1,1,21541
23,1,6,47,0,1,13921
66,1,4,42,1,1,69168
189,2,6,88,0,2,8331
151,3,12,71,1,1,42485
22,3,4,98,0,1,68887
18,1,6,83,0,2,41084
200,1,12,96,1,1,30628
86,2,4,96,0,2,22583
122,3,16,64,0,1,11551
75,1,16,64,1,2,46866
50,3,6,89,0,2,68252
76,1,8,53,1,1,43685
148,2,4,82,0,1,15792
145,3,6,66,1,2,36892
82,1,8,87,1,1,33938
110,1,8,71,0,2,49107
48,1,4,66,1,1,23348
185,1,4,43,1,2,54978
66,2,8,89,0,1,31847
46,3,12,78,1,2,50692
10,3,6,50,1,2,15574
14,0,4,87,1,1,43396
56,3,8,87,1,1,28957
33,0,12,42,0,2,22111
168,1,16,64,1,2,39767
108,2,8,94,1,2,32432
183,2,12,63,1,1,20210
86,1,16,48,0,2,55986
9,0,12,47,0,2,9209
134,1,4,78,1,1,24553
167,2,8,70,1,2,50527
139,2,16,96,0,1,39157
27,3,12,98,1,2,39736
124,0,16,56,1,1,28780
171,3,6,82,1,1,23023
39,2,8,70,1,1,27819
35,2,4,43,0,1,9877
84,3,16,43,0,1,28436
8,3,12,76,0,1,43803
195,2,16,47,0,2,11248
63,3,12,81,0,1,61025
42,3,16,88,1,2,18383
119,0,4,45,0,1,16714
37,2,4,48,1,1,44320
61,1,8,81,0,2,40235
43,0,4,47,1,1,29989
190,1,16,71,0,2,10706
87,3,16,54,0,2,24219
65,3,4,57,1,2,40668
90,1,6,62,1,1,10532
72,3,16,44,1,2,57973
76,3,8,89,0,2,44276
135,0,6,66,0,2,57346
58,1,4,72,1,1,24849
29,0,12,41,0,1,43793
114,1,16,98,1,1,68491
116,0,12,81,0,1,65297
123,2,8,77,1,1,56287
108,2,6,98,1,2,10537
188,1,12,67,0,2,40867
107,2,8,63,1,2,16307
171,0,12,90,0,2,37051
75,1,12,60,0,1,62866
43,2,8,70,0,1,35447
187,2,16,50,1,1,18302
188,1,12,89,1,1,14275
185,2,8,67,1,2,50231
176,2,12,87,0,2,22730
153,1,16,79,0,2,27074
29,2,8,43,1,1,42202
73,2,12,82,0,2,9902
28,2,4,81,0,2,43791
107,2,16,55,0,1,21739
135,3,12,51,1,1,64209
51,1,6,61,1,2,47581
110,3,8,74,1,1,35351
54,3,12,82,0,2,23685
46,0,16,95,0,2,63214
36,3,16,55,1,2,26977
61,3,6,63,1,2,47286
97,0,6,74,1,2,45707
92,2,12,67,0,1,45161
24,2,4,96,1,1,15139
87,3,16,81,1,1,36967
195,0,4,68,1,2,68942
166,2,4,60,0,2,36786
80,0,12,87,1,1,69391
56,1,8,97,0,1,22828
108,1,8,64,1,1,15224
9,1,8,78,0,2,60078
183,1,6,70,1,1,52173
149,3,16,54,1,1,47630
66,1,6,86,0,2,39371
104,1,16,81,1,1,18858
106,0,16,74,1,1,46772
193,2,16,77,1,2,42594
110,0,12,97,1,2,63704
193,3,8,89,0,1,56205
186,1,6,61,0,2,41793
9,2,6,99,0,1,8785
48,2,12,44,0,1,53090
130,1,16,87,0,1,58952
89,1,8,52,0,1,39114
151,3,4,71,0,2,35865
139,3,4,42,0,2,13186
147,1,12,54,1,2,15236
36,1,8,94,1,1,56351
142,1,4,66,0,1,65704
21,1,4,91,0,1,47369
19,2,6,66,0,2,69733
106,3,8,69,1,1,60549
140,1,4,45,0,1,41994
88,1,6,64,0,1,10640
113,2,8,67,0,2,62202
39,0,16,61,0,1,44417
81,1,8,43,1,1,55400
178,2,12,54,0,2,63063
88,2,6,65,1,2,37617
76,0,16,57,1,1,69700
52,3,6,48,1,1,46405
113,3,6,91,0,2,43971
144,3,4,43,1,2,17992
184,1,8,87,0,2,68740
168,3,6,89,0,1,48003
107,1,6,44,0,2,15293
153,1,12,84,0,1,50376
16,2,12,45,0,2,69841
69,3,12,97,0,1,32234
192,3,6,93,0,1,65679
36,3,16,90,0,2,68353
132,1,8,51,1,2,38748
121,1,6,70,0,1,65007
160,3,4,86,1,2,30322
150,1,16,48,0,1,42729
141,1,16,46,1,1,14947
127,0,8,68,1,2,8843
177,0,16,53,0,1,57145
164,3,8,90,1,2,34216
86,3,16,59,0,1,61292
100,0,8,87,1,1,58276
11,1,12,94,0,2,63714
89,1,12,71,1,1,61863
192,2,16,98,1,1,51269
184,3,16,95,0,1,57916
179,3,8,61,1,2,50660
82,3,8,75,0,2,51299
21,2,6,83,0,1,69071
138,2,12,57,1,1,62727
121,1,6,97,1,1,15403
69,0,6,79,1,2,29013
113,0,4,88,0,1,66436
71,0,8,64,0,1,9604
109,1,4,70,0,2,50229
180,0,4,95,0,2,20862
113,2,6,74,1,1,53292
193,2,4,65,0,2,19594
27,3,8,43,0,1,14506
65,0,6,81,1,2,41298
119,2,8,87,1,2,10790
64,3,16,59,1,2,67856
126,0,4,73,0,2,58404
104,0,6,51,1,1,44709
99,2,12,55,1,1,62780
59,3,8,98,0,2,67773
44,3,4,81,0,1,20414
15,2,8,44,0,1,33233
51,2,8,100,0,1,57009
105,2,16,83,1,2,50824
140,0,8,74,0,2,29617
125,2,16,83,1,1,63538
76,2,16,66,1,1,50128
166,1,16,40,0,1,67944
52,2,4,73,0,1,13792
144,2,8,82,0,2,40723
39,0,8,71,0,1,26870
40,3,16,83,1,1,56465
133,0,8,78,0,1,51415
74,1,8,72,0,1,22924
37,2,16,70,1,1,56295
121,2,12,99,1,2,27227
36,2,12,52,1,2,48557
138,2,16,84,0,2,34306
192,2,4,41,1,2,52771
37,2,8,69,1,2,36618
144,1,8,49,1,1,27622
161,2,12,62,0,2,64852
137,2,16,72,1,2,46052
69,2,4,78,0,2,10689
10,1,16,84,1,1,52293
181,2,12,95,1,1,22899
75,1,12,98,1,1,44100
32,0,8,68,1,1,58350
186,2,6,69,1,2,14954
148,3,4,73,1,2,48031
51,1,4,91,0,2,33956
170,0,6,78,0,1,39089
62,1,12,56,0,2,47818
144,1,16,61,1,2,56848
137,0,4,44,0,1,29645
196,2,6,50,1,1,21057
48,2,8,61,0,2,50150
179,1,8,71,1,2,15870
71,0,12,63,0,2,25726
38,2,4,50,1,2,58806
54,1,16,50,1,2,12753
137,3,4,56,0,2,15136
103,0,8,71,1,1,63133
84,3,4,58,0,1,35982
117,3,8,66,0,2,33564
76,1,6,71,0,1,52505
65,0,6,100,0,2,56768
113,2,8,64,1,2,57149
51,2,16,67,0,1,68560
81,1,16,79,1,1,58229
63,2,4,91,1,2,8121
178,2,8,66,1,1,60347
134,3,12,53,0,2,10214
169,3,16,81,1,1,60143
37,0,16,96,1,2,49793
78,3,6,78,0,1,67022
125,2,16,41,1,2,42837
62,0,16,56,1,1,62547
74,0,16,40,1,1,18076
148,1,8,84,1,1,20248
10,3,8,71,1,2,9962
33,0,6,58,0,1,28407
64,2,4,100,0,1,32983
133,0,16,53,0,2,37153
159,0,4,70,0,2,14442
60,1,8,97,0,1,63572
50,2,16,57,1,1,55919
195,2,4,91,0,1,26753
193,3,4,53,1,1,34738
56,2,12,86,1,2,26703
49,0,8,53,0,1,60391
18,2,6,63,0,2,48724
110,2,6,44,1,2,13555
105,0,12,55,1,1,9892
153,1,4,44,0,2,47175
92,3,12,93,0,1,18489
107,3,12,52,1,2,54541
111,1,8,99,1,2,23213
187,0,16,55,0,2,55542
53,3,4,54,0,1,60990
51,1,6,70,0,2,31893
29,1,6,44,1,2,9489
188,1,12,60,1,2,37753
194,3,12,69,1,2,34628
121,3,12,62,1,2,44777
132,3,4,77,0,2,23982
131,3,12,68,0,1,34476
37,2,12,52,1,2,9821
15,1,16,71,1,2,35486
105,2,4,87,0,1,20552
64,1,8,81,1,2,25656
118,3,8,66,0,2,38814
80,3,16,73,0,1,50846
122,2,6,84,1,1,67176
27,0,8,88,1,2,19058
32,3,4,72,0,2,16888
26,0,6,43,0,2,61988
12,1,12,57,1,2,18556
82,2,4,45,1,1,28598
135,0,6,67,1,2,58921
79,0,8,83,0,1,27225
162,3,12,96,1,2,51209
47,0,12,97,0,1,32325
33,0,4,66,0,2,52084
34,1,12,65,1,1,43132
197,2,6,95,0,1,36320
90,3,16,59,1,1,13363
135,3,8,52,1,1,24300
185,0,4,67,1,1,9117
177,1,16,73,1,2,40295
164,0,16,88,1,2,15447
174,0,4,62,0,2,68507
195,3,6,49,1,1,25196
176,0,8,90,0,1,40805
40,0,4,69,1,2,10460
104,1,16,61,1,1,61490
118,3,16,44,1,1,62635
23,2,4,92,1,1,55054
30,1,16,83,0,1,28103
142,1,4,89,1,2,64383
33,1,4,48,1,2,17046
103,3,8,82,1,2,52906
19,0,4,43,0,1,18440
79,2,16,81,1,2,43122
140,3,12,40,0,1,12042
113,0,8,73,1,2,67141
124,1,16,80,1,2,57326
184,3,16,94,1,1,67056
33,0,8,65,1,2,68363
140,2,8,57,1,1,52023
29,2,16,55,1,2,23329
20,0,12,62,1,2,63892
163,3,6,85,0,2,57823
168,1,16,75,1,2,41461
114,0,8,65,1,2,16739
30,1,4,41,0,2,13976
104,2,4,83,1,1,41890
25,0,8,91,1,2,60449
124,2,8,44,0,2,61138
37,1,6,68,1,1,59748
33,1,8,43,1,1,12368
151,0,4,86,0,2,11023
46,0,12,74,0,2,16975
168,0,8,61,1,1,33785
161,2,6,88,0,2,49899
183,1,12,47,0,2,69891
200,1,6,83,0,2,55664
173,2,12,60,1,1,58680
137,0,8,47,1,2,57245
120,3,4,97,0,1,17522
141,0,12,91,0,2,50721
53,3,16,91,0,1,47428
57,3,6,44,0,1,22176
173,2,12,60,1,2,29433
113,1,6,66,1,1,26605
153,1,4,77,1,1,27126
162,1,6,44,1,2,9096
176,1,6,60,0,1,32575
79,2,16,100,1,1,37840
81,3,6,47,0,1,62155
24,1,12,61,0,1,54743
197,3,6,57,0,2,26487
164,2,8,43,0,2,59894
193,0,6,43,1,2,12729
77,2,8,76,0,1,67635
157,1,6,54,0,2,23229
13,0,6,77,0,1,45067
33,2,12,66,0,2,28046
174,2,8,60,1,1,48975
147,3,8,87,0,2,57277
106,2,16,85,1,1,39185
149,0,6,85,0,1,55893
29,2,6,87,1,1,30381
58,1,12,98,0,1,56555
158,3,16,93,0,2,52382
183,0,16,95,1,1,62826
111,0,12,43,1,1,12174
185,2,8,50,1,1,19764
96,1,4,58,0,2,66132
148,3,12,96,1,2,29882
145,0,8,58,1,2,47175
190,3,16,66,0,1,43120
16,2,12,79,1,1,50471
86,1,4,81,0,2,14883
59,2,6,67,0,1,12220
137,3,12,44,1,2,61989
160,2,4,87,0,1,36293
20,3,4,64,0,1,32656
58,0,12,42,0,2,64167
193,0,8,65,0,1,50604
41,2,12,49,1,1,8174
42,0,16,63,1,1,66019
138,3,4,68,0,2,56252
127,0,4,84,1,1,49307
194,1,6,46,0,1,18104
77,1,4,83,1,1,33966
183,2,6,62,1,1,58710
199,2,4,85,0,2,25822
154,2,4,66,0,2,10925
74,2,12,81,0,2,14986
110,3,12,48,0,1,39293
80,3,16,83,1,2,12819
123,1,8,95,0,2,13371
140,3,16,42,1,1,12703
74,0,4,52,1,1,19984
146,1,16,45,0,1,31096
128,2,12,98,1,2,30761
101,2,4,77,0,1,24741
136,3,4,60,0,2,27781
98,1,16,58,1,1,17280
99,3,6,64,0,2,8292
70,3,8,78,0,1,13443
36,3,16,43,0,1,17182
19,1,16,61,1,2,52362
84,2,8,44,1,1,10576
48,0,4,40,0,2,47046
137,2,4,89,0,1,8819
44,1,6,56,1,2,52450
180,2,16,48,1,2,28609
183,2,8,48,0,1,60772
31,0,16,92,1,1,32313
106,2,12,63,0,1,14712
157,2,16,49,0,2,68772
107,2,16,59,0,2,22857
146,3,12,56,1,2,35083
65,1,12,52,1,2,29072
181,1,8,68,1,2,35565
36,0,4,75,0,2,56729
170,3,6,62,1,2,56004
150,3,12,66,1,1,59076
67,2,4,57,0,2,13751
102,1,8,57,1,1,37285
49,0,16,93,0,2,13614
50,3,8,48,0,2,45402
81,2,8,42,1,2,28740
184,0,12,46,1,1,28028
199,3,6,97,0,2,11207
167,0,12,54,1,2,57054
71,3,16,69,1,2,10656
9,0,12,48,1,1,67028
159,3,16,98,0,1,25634
73,3,12,100,0,2,50772
173,0,6,80,1,2,34418
38,3,4,66,0,2,22158
122,3,6,75,1,1,57379
33,3,12,57,1,2,44666
36,0,8,70,1,2,23096
85,0,4,56,1,2,34881
32,3,8,93,0,1,38109
55,3,6,92,1,2,27257
72,0,4,45,0,2,52251
188,2,12,78,0,1,40720
74,3,8,64,1,2,66603
97,2,12,81,1,2,45907
153,0,16,81,0,2,14567
144,3,4,98,1,1,47324
45,2,8,77,1,1,11460
94,0,6,77,0,2,34968
156,2,6,100,0,1,68041
72,1,6,70,0,2,43282
156,0,6,90,1,2,45052
34,1,8,68,1,1,38312
113,0,16,79,0,1,36015
130,0,6,48,0,1,13504
51,3,6,40,1,2,30446
107,1,6,55,0,2,27553
35,1,16,77,0,2,63565
180,1,4,62,1,2,25048
24,0,6,98,0,1,29721
134,1,6,47,1,2,69460
130,1,6,86,0,1,55817
175,3,4,51,1,2,58335
138,2,6,49,1,2,54571
83,2,4,55,0,1,37100
53,1,4,86,0,1,22911
165,1,12,82,0,2,47507
76,1,12,63,1,1,10632
144,1,6,78,0,2,56699
92,2,8,47,1,2,11065
18,3,12,50,0,2,42657
76,0,12,80,1,2,54046
106,1,8,65,0,1,55762
98,1,16,46,1,1,35694
166,2,6,54,1,1,53278
168,1,16,54,1,1,25343
174,3,16,87,1,2,32733
101,3,4,42,1,2,23406
181,1,4,55,1,1,42775
172,2,6,54,0,1,41489
122,1,8,64,1,1,15700
195,1,4,72,0,2,31902
38,2,12,53,0,1,22654
18,3,6,63,0,2,42022
94,0,16,93,0,1,10345
128,1,6,50,0,1,61692
137,3,4,42,0,2,40872
112,1,8,48,0,2,42429
34,0,16,45,1,1,21170
9,2,8,70,0,1,13418
110,3,6,94,0,2,25475
108,0,8,55,1,2,49497
28,1,8,50,1,2,35296
65,0,6,89,0,2,30123
140,3,16,56,1,2,14960
187,2,8,88,0,1,56723
180,1,8,42,1,2,66408
92,2,6,98,0,1,39943
100,2,12,58,1,2,42339
27,0,8,63,0,2,43783
68,0,4,94,1,1,15006
45,3,16,86,0,1,27830
155,3,8,81,1,2,25813
32,2,6,47,1,2,23593
137,3,4,88,1,2,21819
128,2,6,75,1,1,24625
167,1,8,79,1,1,47854
33,2,4,97,0,2,66706
176,3,16,41,0,1,26451
74,3,16,62,0,2,34454
8,2,16,79,1,1,64983
58,0,12,69,1,2,39613
12,2,6,64,1,2,48106
20,2,8,46,0,2,23575
154,0,4,67,0,1,38563
147,1,6,80,0,2,51848
55,0,8,89,1,2,14887
160,3,12,98,1,1,45903
64,0,8,56,1,1,31834
122,3,6,71,0,2,41068
42,3,8,40,1,2,20452
83,2,4,66,1,2,43596
101,2,12,83,1,2,52722
12,1,4,75,0,1,13377
29,3,12,88,0,2,46475
110,2,12,46,0,1,36264
192,3,8,95,1,2,43168
182,1,4,42,1,2,27542
189,3,12,69,0,2,65146
138,1,12,40,1,1,58172
131,1,8,90,1,1,42317
60,1,6,73,1,1,51878
166,2,6,77,0,2,22256
76,0,16,82,0,1,15965
111,0,16,94,0,2,14902
168,2,12,96,1,2,25261
185,3,6,92,0,2,23088
23,2,12,75,0,2,15009
123,3,4,72,0,2,27464
83,1,6,82,0,2,11534
116,2,6,55,0,2,19799
46,0,6,77,1,2,15791
96,3,16,50,1,1,17512
181,2,8,47,1,2,38651
119,2,8,91,1,1,29720
54,3,16,40,1,2,22563
179,1,16,53,1,2,60255
144,1,16,69,0,2,69870
135,1,8,60,1,2,27220
185,1,12,97,1,1,47081
84,3,16,60,1,1,26501
195,0,12,73,1,1,50094
22,2,12,77,1,1,68504
43,2,4,65,1,1,36673
70,1,8,80,1,1,38622
76,3,12,53,1,2,68471
176,0,8,93,0,2,10717
81,0,8,79,1,1,32510
31,2,4,97,1,1,30798
56,1,8,74,1,1,31825
153,2,12,81,1,2,35167
14,2,6,57,1,2,55373
11,0,12,59,0,2,16381
97,3,12,99,0,2,18961
67,0,8,48,0,2,68898
62,2,12,80,0,1,44147
23,1,6,90,0,2,69461
36,1,8,99,1,1,22349
158,3,16,84,0,2,52517
21,3,12,72,0,1,54797
86,3,12,88,0,2,42337
184,2,4,43,0,2,28309
40,2,16,43,1,2,25871
160,3,16,98,1,2,33143
28,1,6,87,0,2,28207
152,1,16,99,1,1,11504
30,1,4,55,1,2,10622
64,2,6,86,1,2,46287
193,0,16,65,1,2,63887
149,1,6,45,0,2,37477
100,1,16,76,1,2,8913
27,1,16,61,1,2,21055
165,3,16,81,0,2,45997
26,2,12,78,0,2,65391
188,3,16,46,1,2,66087
110,3,12,81,0,1,29585
191,0,8,69,0,1,35309
84,3,4,49,0,2,18864
158,0,6,96,0,2,29781
197,3,6,54,1,2,37052
40,1,8,45,0,2,20597
25,2,16,63,1,2,63847
80,3,4,41,0,1,8541
168,0,8,79,1,2,45630
167,2,8,96,0,1,39983
196,0,6,91,0,2,17398
189,1,12,54,0,2,32759
24,3,12,92,1,2,32105
26,2,16,60,1,2,69353
77,1,16,57,0,1,67325
127,3,8,44,0,1,48948
108,3,16,64,0,1,63761
41,0,12,75,1,1,29118
91,0,4,49,1,1,21748
160,1,6,90,1,2,29073
81,0,12,85,1,2,50216
95,1,16,62,0,1,22132
92,1,6,63,1,2,18943
18,1,6,84,1,2,28480
98,0,8,100,0,2,68920
151,2,16,49,0,1,47919
196,1,8,93,1,1,39081
134,2,6,45,1,1,61966
120,3,8,52,0,1,44548
87,0,16,60,1,2,16474
14,0,12,71,0,2,60752
23,2,4,82,1,2,64126
23,3,12,93,1,2,24255
175,3,6,96,1,2,38888
19,1,12,54,0,2,39608
42,0,8,41,1,1,17401
28,3,16,97,0,2,63417
185,3,12,98,0,2,8440
178,1,12,54,1,2,60959
24,1,16,90,1,2,53694
39,2,8,56,1,2,40421
48,0,4,59,0,1,57625
141,3,12,89,1,2,48057
34,2,6,45,0,2,59009
155,0,8,54,0,1,27163
160,2,8,100,1,1,13036
73,0,12,56,1,2,56918
144,0,16,95,1,2,69731
99,3,12,65,1,1,39657
188,0,12,61,0,2,28726
68,1,16,48,1,1,34517
173,3,6,51,0,1,20475
10,1,16,61,1,1,66890
110,2,12,97,0,2,19547
62,2,4,62,0,1,33132
8,0,16,76,0,1,46011
108,0,6,53,0,2,31417
52,1,16,63,1,1,45110
182,1,16,47,1,1,52437
33,1,8,65,1,2,38032
128,2,8,71,1,2,45822
149,1,12,96,0,2,68574
189,3,12,67,1,2,60490
53,3,16,71,0,2,64909
129,2,4,61,0,2,50786
38,1,12,88,0,2,67542
66,1,16,48,0,2,35932
36,0,16,42,0,2,63446
113,3,16,64,0,2,36651
24,2,16,78,0,2,61371
149,1,16,51,0,2,32570
171,0,8,68,0,2,69155
193,2,6,42,0,2,14415
31,2,6,80,0,1,42662
116,3,16,85,1,2,46227
198,1,12,62,0,2,34328
98,2,4,62,1,1,60953
32,0,16,94,0,1,59807
194,0,4,57,0,1,11518
39,2,8,50,0,2,46449
123,0,6,75,0,1,29460
89,2,8,65,0,2,50440
117,0,12,47,1,2,67922
153,2,12,67,1,1,37396
44,2,16,57,0,1,66897
33,2,12,52,0,1,57797
144,0,12,75,0,2,67170
71,2,8,81,1,1,66893
79,3,4,79,1,1,22399
155,2,6,83,0,1,21704
189,1,12,90,0,1,9698
113,1,12,51,0,1,65089
93,3,8,61,1,1,27954
165,2,6,99,0,1,53573
60,1,8,41,0,1,44194
99,2,4,95,0,2,52664
106,1,8,79,1,1,19416
198,0,6,67,0,2,53384
18,0,6,52,0,1,29169
38,3,12,72,0,2,12574
184,3,4,42,1,2,41158
107,2,16,73,1,2,55678
94,3,12,62,0,1,20699
154,2,8,94,1,2,25665
147,0,8,71,0,2,23936
22,0,6,59,1,1,37540
166,1,6,67,0,1,24890
178,2,6,99,0,2,42490
108,0,16,47,0,1,54999
172,0,16,42,1,1,25341
36,2,12,69,1,1,46626
121,1,16,64,1,2,34310
114,1,6,92,0,2,47205
161,1,12,69,1,1,57914
115,1,12,68,0,2,13596
137,0,4,86,1,1,13949
91,2,16,69,0,1,54784
22,2,8,73,0,1,67899
139,0,8,64,0,1,63414
57,0,4,56,0,1,38386
173,0,6,98,1,2,14621
30,3,4,63,0,1,51571
66,2,6,77,1,2,69037
97,2,16,67,0,1,67103
122,2,16,72,0,1,10889
82,1,12,75,0,2,48545
163,0,12,90,1,2,25726
130,0,12,46,0,2,13514
143,0,12,62,0,2,47983
164,3,8,93,0,1,36656
146,2,12,85,0,1,17828
25,0,12,65,1,2,36085
190,3,12,53,0,2,31002
57,0,6,81,0,2,23281
149,1,12,67,0,2,39471
125,2,4,63,1,2,15753
144,3,12,46,1,2,16741
146,0,12,87,0,2,10005
198,2,8,75,1,2,64023
115,3,12,78,0,1,59335
74,2,6,54,1,1,35141
188,2,16,88,0,2,49718
174,1,12,42,0,1,57475
85,2,12,87,1,2,15364
191,3,12,41,0,1,18117
163,2,8,46,0,2,32686
82,3,16,96,1,1,9823
46,2,8,55,0,2,28005
32,0,8,60,0,1,9138
28,1,8,48,0,1,42488
145,0,6,51,1,2,57875
178,1,16,68,1,1,31015
22,3,6,63,0,1,10412
55,1,6,72,1,1,21795
93,2,16,53,0,1,41534
156,2,6,82,1,2,21119
195,0,16,57,1,2,19573
123,1,12,93,1,2,51120
57,3,8,44,0,1,17485
158,3,6,54,1,2,34943
148,2,16,98,0,1,12017
76,3,4,46,0,1,45038
11,2,6,64,1,1,31570
85,2,6,53,0,2,54282
16,2,16,91,1,2,59110
128,0,4,79,0,1,32512
122,0,4,75,0,1,36797
170,2,12,74,0,2,17186
108,2,6,83,1,1,54546
156,2,8,89,0,1,30781
193,3,6,63,1,2,42619
153,2,8,54,0,2,35552
104,2,8,50,0,1,14910
88,1,16,63,0,2,11871
50,1,6,50,0,1,22627
102,1,16,83,1,1,27607
13,1,12,90,0,2,36586
74,2,8,56,0,1,53254
147,1,4,100,0,2,17414
107,3,8,45,0,2,48749
19,3,12,60,1,2,66820
73,1,8,47,0,1,62029
9,0,16,54,1,2,33516
150,3,6,93,0,1,52211
158,3,4,91,1,1,47129
164,1,16,71,1,2,55733
88,1,6,97,0,1,57969
142,2,4,49,1,2,55936
163,3,12,67,0,2,28300
149,1,8,54,0,2,15487
179,1,4,51,1,1,42838
165,2,12,82,0,2,16828
167,3,6,57,0,2,56211
77,1,4,95,1,2,45574
122,2,12,76,0,1,14842
95,1,6,83,0,1,51336
13,0,16,63,1,2,28059
34,0,8,76,1,2,68745
89,1,12,93,0,2,48629
95,3,16,68,0,1,56866
127,0,6,49,1,1,39430
31,2,4,53,0,1,59672
109,1,8,55,1,2,26909
41,2,6,76,0,1,37930
175,0,12,50,1,2,62169
54,3,8,90,0,1,47467
31,2,16,65,0,2,10635
72,0,8,79,1,1,30156
25,0,16,58,0,1,31221
51,0,6,91,1,1,20406
83,2,4,93,1,1,45927
64,0,8,57,1,2,8259
114,1,4,69,0,2,27380
163,0,4,71,0,2,66099
131,1,8,62,1,1,32192
158,3,8,92,1,2,61253
169,1,4,51,1,1,63606
146,3,12,97,0,1,49025
170,3,12,52,1,1,23733
123,1,8,60,1,2,36653
100,3,4,60,0,1,59930
49,1,4,68,1,1,58321
35,2,6,68,0,1,23593
130,3,4,89,1,1,20316
31,1,12,66,1,2,56948
143,3,6,68,1,2,24032
113,0,12,54,0,2,42434
125,1,16,86,0,2,33235
60,0,8,51,0,2,53955
139,3,16,97,1,1,56721
107,3,8,80,1,2,29383
12,2,12,58,1,2,36117
56,1,12,51,1,2,57512
105,0,16,62,0,2,65173
37,2,8,44,1,2,13714
79,3,8,97,1,1,14043
110,3,6,65,0,2,64257
70,2,4,92,1,1,48520
182,0,6,91,0,2,15522
33,3,12,49,1,1,60949
192,3,16,61,0,1,67417
44,1,8,78,1,2,19553
14,2,6,62,0,2,51078
134,3,16,50,0,2,36509
175,0,16,67,1,1,44528
99,1,4,70,1,1,37784
174,2,8,47,0,2,16368
197,0,16,92,0,1,61192
110,3,8,78,1,2,14170
60,2,6,87,0,1,48896
139,2,16,67,1,2,17504
115,0,16,55,1,1,47751
119,2,6,85,1,2,39536
160,0,8,86,1,1,37246
14,3,8,91,1,1,28383
163,1,16,70,1,2,52007
74,0,6,80,0,1,16722
115,1,12,87,1,1,68899
118,2,8,55,0,2,68849
155,0,12,44,1,2,69932
90,3,16,74,1,2,55381
131,0,12,92,1,1,56102
146,0,12,64,0,1,19609
111,0,8,52,1,2,52610
74,1,16,68,1,1,42029
14,1,12,66,1,1,62408
158,2,8,79,1,1,13282
196,2,12,56,0,2,27270
117,2,8,76,0,2,29326
41,2,16,77,1,2,64195
113,0,6,68,1,2,36964
154,1,8,97,0,1,29531
65,1,8,100,1,2,65599
16,1,12,98,0,2,53960
55,1,16,73,0,1,32354
122,2,4,69,0,2,23983
48,0,4,70,0,1,46639
55,1,6,61,0,1,26162
180,3,16,85,0,1,45528
32,0,8,64,0,1,28744
123,3,4,43,1,1,42748
85,0,6,74,0,2,58739
115,0,16,80,1,1,36128
32,0,6,89,1,2,32976
154,3,4,83,1,2,30987
46,1,12,48,0,1,53832
126,1,12,98,0,1,28021
86,3,16,65,0,2,31684
87,1,6,66,1,1,64316
34,2,8,66,1,2,33790
111,1,4,57,1,1,9147
81,2,12,69,1,1,13550
198,2,12,84,0,1,31769
75,2,6,98,1,2,52908
154,3,12,85,0,1,43218
35,1,6,70,1,1,15138
130,1,4,81,0,2,60545
168,3,6,42,1,2,55404
145,3,12,68,0,2,68486
90,1,6,46,1,1,24328
37,3,12,57,0,2,47125
29,3,16,55,0,2,17065
10,2,12,88,0,2,62816
108,3,12,96,1,1,16565
112,2,12,71,0,1,40079
183,0,16,77,0,1,9194
9,2,8,64,0,2,47255
61,2,12,83,0,1,60679
13,3,8,71,0,1,37533
114,1,4,58,1,2,27865
175,0,6,42,0,1,53356
130,0,8,97,1,1,13615
9,0,4,99,0,2,48226
118,1,6,74,1,2,23084
9,0,12,89,1,2,16016
100,0,12,68,1,2,39156
190,1,12,50,1,2,34725
108,0,16,45,1,2,42825
195,3,16,58,1,2,52072
104,3,16,76,0,2,26801
118,2,16,84,0,1,57277
13,2,4,66,0,1,43600
134,2,4,44,0,1,45246
111,3,12,65,1,1,30854
154,3,6,74,1,1,65793
162,3,16,58,1,2,45386
8,2,6,56,0,2,22142
40,2,4,93,0,2,25393
47,2,16,74,1,1,11778
39,2,4,86,0,1,41709
24,2,4,88,1,2,44371
133,2,8,52,1,2,44748
15,3,4,53,0,1,23318
64,1,12,69,1,1,45136
49,1,4,100,0,2,55068
105,2,16,97,0,1,49461
144,1,12,87,0,1,52778
127,1,4,96,0,2,56614
94,3,12,82,1,2,40671
170,2,4,56,1,1,39970
188,2,12,76,1,2,9250
61,1,6,92,1,2,64161
91,2,8,54,0,1,51348
32,2,12,57,0,1,26703
74,2,16,87,1,2,46678
197,2,8,53,0,1,30922
190,1,8,53,0,2,60347
181,0,4,84,1,2,10957
159,1,12,72,1,1,30722
53,3,8,77,0,2,21894
29,0,16,94,1,1,65063
146,0,16,50,0,1,33772
183,0,16,50,0,1,40754
15,1,4,96,1,1,44042
46,3,6,87,1,2,33632
170,1,12,95,1,2,51218
56,3,8,65,0,2,37484
53,1,12,42,1,1,55856
45,1,8,64,1,2,43816
143,1,4,56,1,2,68466
61,0,12,100,1,1,42674
172,1,4,61,0,1,10939
99,3,4,68,1,2,38550
47,3,12,85,0,2,19670
41,3,12,65,1,1,49500
103,0,8,73,1,1,65861
86,1,16,65,1,1,37606
134,1,4,96,0,2,69572
24,2,6,48,1,2,22431
168,0,8,79,1,1,65767
182,3,8,100,1,1,17049
117,3,16,50,0,2,39693
59,1,16,46,1,1,61329
125,3,4,69,1,1,19028
16,1,8,93,0,1,47226
40,1,8,41,0,2,42520
195,2,6,69,0,2,37587
120,0,4,43,0,1,64599
156,1,4,97,1,2,26050
193,1,16,94,1,1,9863
92,1,4,53,0,2,12461
17,2,6,52,0,2,54904
13,1,4,93,0,1,51373
122,0,12,64,0,1,45980
128,0,12,52,1,2,10118
148,3,6,52,0,2,20613
72,0,16,76,0,1,46394
27,3,8,99,1,1,50309
64,0,4,83,1,1,35467
53,3,16,45,0,1,15358
143,1,16,65,0,1,55317
17,2,4,93,0,2,50030
120,2,8,53,1,1,26137
146,2,4,47,1,1,34712
19,1,8,63,1,1,36434
145,2,6,61,0,2,64291
160,0,8,79,0,2,37922
184,3,16,78,1,2,66764
184,1,6,88,1,1,47128
18,2,12,60,1,1,55404
197,0,6,82,0,2,52447
125,0,8,65,1,2,53981
171,1,6,49,1,1,39572
46,1,6,52,1,2,35517
60,2,12,81,0,2,28649
63,3,8,92,1,1,42156
111,2,16,97,0,2,37927
136,2,6,53,0,1,65963
63,1,4,48,0,2,19591
125,2,16,46,1,2,33832
139,2,6,78,0,1,53737
37,3,16,97,1,2,28102
19,0,4,70,0,1,14914
42,0,16,89,0,2,46289
84,3,16,55,0,2,58162
187,0,4,47,1,1,18875
166,2,4,87,1,1,8425
109,3,4,90,1,2,38600
94,3,12,54,1,1,52984
59,1,4,64,0,1,22743
87,0,16,86,0,1,14918
142,1,4,77,0,1,15008
29,2,6,80,0,2,49176
82,3,4,54,0,2,47081
191,2,4,64,1,1,16801
65,0,8,46,0,2,20645
100,1,16,65,1,2,40953
199,0,16,99,1,2,33300
110,2,6,47,1,2,21157
147,1,12,57,0,2,17015
14,0,8,60,1,2,67111
135,2,6,55,1,1,18169
62,0,6,86,1,2,24273
113,3,16,42,1,2,53734
69,1,8,40,0,1,36465
97,1,16,52,0,1,25568
105,1,12,93,0,2,69723
84,3,16,100,1,2,32759
190,1,4,71,1,2,27992
126,3,16,51,0,2,22477
43,1,4,70,0,1,44534
96,0,6,80,1,1,17811
159,0,12,41,1,1,45094
179,0,4,80,0,1,32019
152,0,12,47,0,1,24262
137,3,16,98,1,1,10435
148,2,16,64,0,2,8734
166,2,6,44,0,2,40925
100,0,16,84,1,2,66685
121,2,4,41,0,1,46072
35,2,6,81,0,2,60644
195,1,12,97,1,1,60406
162,3,6,77,0,1,57146
150,0,12,78,1,2,40759
40,2,8,42,0,2,15764
27,2,4,85,0,2,25459
177,0,4,87,1,2,13122
147,1,12,77,0,1,55180
108,0,16,61,0,2,38342
30,1,16,79,1,1,50821
119,2,8,72,1,1,48958
21,3,12,91,0,2,67973
98,1,8,71,0,1,64993
160,1,12,86,0,2,31135
84,0,8,56,1,1,62287
92,2,12,95,0,1,63525
116,3,4,57,0,1,62151
38,0,8,95,1,2,10964
129,0,8,42,1,2,33464
114,3,12,95,1,2,21578
61,2,6,45,1,2,54385
140,3,6,88,0,1,32406
148,0,4,94,0,2,45893
163,0,16,52,0,1,9133
50,1,16,94,1,2,45006
96,3,4,93,0,1,63178
122,3,16,70,0,1,13786
106,3,12,56,0,1,36878
54,0,6,60,1,1,63724
78,2,4,55,0,1,49125
173,0,12,56,0,1,22595
74,1,4,71,1,2,30477
69,0,6,40,0,1,19948
116,0,16,87,1,2,69833
174,0,12,77,1,2,65464
44,1,6,47,0,2,60149
126,3,4,40,1,1,53468
93,2,8,41,1,1,19403
133,2,12,86,1,1,50935
143,1,4,76,0,1,47079
59,3,4,63,1,1,43923
98,3,6,66,0,2,24804
40,1,4,59,0,1,17921
88,0,12,86,1,2,43603
49,3,12,60,1,1,61515
119,2,4,81,0,1,10085
133,1,6,76,1,2,47837
162,2,12,74,0,2,31854
143,0,8,77,0,1,43153
158,1,16,92,1,1,34353
113,2,6,54,1,2,26761
132,2,6,89,1,1,36870
120,0,16,85,1,1,60009
71,1,16,81,1,1,20292
130,3,12,69,1,1,9455
121,3,4,43,1,1,66332
27,2,4,82,1,1,21682
23,0,8,91,1,2,21182
152,2,4,78,1,1,9890
26,0,8,54,0,2,55206
127,3,8,62,1,1,67826
143,2,6,80,1,2,49609
173,2,6,54,1,1,67172
45,0,12,65,0,2,43196
188,1,16,51,1,2,14209
100,0,16,57,1,1,37250
112,1,8,45,1,2,59469
107,3,16,57,1,2,65390
97,2,8,96,1,1,39635
166,2,16,89,0,1,69804
51,0,12,93,1,2,48816
195,0,6,63,1,1,64499
83,3,6,77,0,2,59267
152,3,8,67,0,1,15282
86,1,16,54,0,2,47961
80,3,4,58,1,2,23918
174,3,12,44,1,2,18446
177,3,16,43,0,2,24456
183,3,4,56,1,1,37954
147,1,12,92,1,2,11457
103,3,12,49,1,1,59174
96,1,6,51,1,1,24296
110,0,8,44,1,2,44853
153,2,16,46,0,2,51037
13,0,12,83,0,2,48356
129,3,16,62,0,2,33602
178,2,12,41,1,1,54600
123,3,6,69,0,2,58695
170,3,8,91,1,2,37192
189,0,4,88,0,1,23223
69,3,4,84,0,1,28880
151,0,6,76,0,2,46551
143,3,12,44,0,2,38663
96,1,6,59,1,2,18228
103,2,8,65,0,2,12749
133,0,4,83,0,2,13045
97,0,16,83,0,2,41615
93,2,4,78,1,2,69424
166,0,8,45,0,2,34071
145,2,12,68,0,2,58086
191,1,6,49,0,2,42163
128,3,4,90,0,1,30958
83,1,4,55,0,1,24922
99,3,16,73,1,2,35995
77,2,6,70,0,2,65414
155,1,16,75,1,2,38177
140,3,16,80,1,2,38426
30,2,12,97,0,2,22113
144,3,4,44,0,1,65599
65,0,6,72,1,2,18386
194,0,12,82,0,1,8901
189,2,12,58,0,2,33245
53,3,12,71,1,2,26267
29,0,8,96,0,2,16331
199,1,8,62,1,2,59854
15,3,12,42,1,2,18860
130,3,8,40,0,2,66790
27,0,6,75,0,2,19110
186,0,4,80,1,2,69247
85,2,6,67,1,1,28543
46,3,4,87,0,2,50254
44,1,8,78,1,2,38393
185,0,6,44,1,2,66211
169,3,16,52,0,2,19074
82,0,12,50,0,2,69952
125,2,4,85,1,1,37702
111,3,4,61,0,2,25800
168,3,16,88,1,1,19264
38,2,16,62,1,1,52292
130,1,12,51,0,2,29347
61,0,8,92,1,1,62025
179,2,6,94,1,2,29505
41,3,6,92,1,1,43350
129,2,6,60,0,2,24742
120,3,8,58,0,1,9500
69,2,12,44,1,2,48887
30,1,6,63,1,1,59090
53,3,4,69,1,1,38117
63,2,4,47,0,2,8814
142,1,4,41,1,1,49555
125,1,16,98,0,1,22539
196,0,16,88,1,1,45834
138,3,8,73,1,1,65570
173,0,6,98,0,2,19187
169,1,16,62,0,1,60987
120,0,4,42,0,2,62064
51,0,16,95,1,2,14086
135,2,4,91,1,1,47062
115,0,6,97,0,1,19510
165,1,8,97,0,2,22129
24,0,12,63,1,2,42832
66,3,12,57,1,2,59503
145,2,4,100,0,1,22200
106,1,16,86,1,1,34113
91,0,16,76,0,1,48132
153,3,4,93,1,2,38141
52,1,6,88,0,1,42132
115,0,4,70,1,2,51788
194,2,6,53,1,2,58236
69,0,8,40,1,2,24650
66,1,8,53,0,2,65303
184,1,4,80,0,2,21408
198,1,8,44,0,1,21594
167,3,16,70,1,2,50230
145,0,6,70,1,1,16226
18,0,12,69,0,2,45649
109,0,12,75,1,1,40212
77,2,8,40,0,1,8067
130,3,6,42,1,2,24572
197,3,16,100,1,1,61288
182,2,12,59,1,1,53663
41,3,16,82,0,2,57834
108,2,16,87,0,2,21232
152,1,12,82,0,2,19146
111,1,12,60,1,1,43906
189,3,8,69,1,1,54002
47,1,6,81,1,1,50291
26,1,4,83,1,2,11190
74,1,6,69,0,1,41620
89,0,4,44,0,2,24042
188,1,12,49,1,2,15353
71,0,16,63,0,1,37645
90,2,6,84,1,1,31621
54,2,16,100,1,2,35634
13,2,6,90,0,2,33332
23,2,6,78,0,1,52956
153,2,16,87,0,2,58846
187,1,8,100,1,2,50267
183,1,12,45,1,1,21930
178,1,8,49,1,2,38641
46,2,8,98,0,1,10595
184,2,6,81,0,1,29851
120,0,12,97,0,1,9218
147,3,6,82,0,2,30283
145,1,4,93,0,1,16675
78,3,6,49,0,1,29067
117,2,16,64,0,1,31831
62,2,6,53,1,1,32384
136,2,4,86,0,1,48527
56,3,6,78,0,1,36564
171,0,4,52,1,2,19741
28,2,12,50,1,2,66465
44,0,6,78,0,2,24665
123,0,4,50,1,2,49589
31,1,12,85,0,1,43234
62,3,16,88,0,2,36894
32,2,8,55,0,2,44943
142,0,4,72,1,2,45689
134,3,16,80,1,1,51689
100,3,12,80,0,1,47324
101,2,16,99,1,1,36040
78,1,6,71,0,2,59533
129,1,8,98,0,1,10936
31,0,4,49,1,1,33927
18,1,12,90,1,1,21514
80,1,8,54,1,2,51265
19,1,12,55,0,1,64058
42,3,16,82,1,2,52398
198,2,12,66,1,2,31697
192,3,12,95,1,1,33412
148,3,16,96,0,1,14139
30,2,16,88,0,1,60601
90,3,8,99,0,1,54520
174,0,4,90,0,2,69894
95,0,16,84,0,2,64726
87,3,8,71,1,2,22098
104,1,12,45,1,2,18258
147,3,12,86,0,1,27385
41,1,6,87,1,2,46767
82,3,16,75,0,2,13074
166,0,8,47,0,1,33008
135,1,8,64,0,2,29932
197,0,4,46,0,1,28731
148,3,8,98,0,1,46887
38,2,16,56,0,1,21083
137,1,8,87,1,2,69258
110,1,6,69,1,1,19825
22,3,12,41,1,1,15050
64,3,12,56,1,1,30326
82,1,8,96,1,2,39368
41,2,8,43,1,2,19149
110,3,8,65,0,1,51745
82,3,8,53,0,2,16412
36,3,6,47,0,2,34736
23,2,16,44,0,2,56276
174,1,6,44,1,2,29039
84,0,6,44,0,2,29561
44,3,6,66,1,1,34820
88,2,12,44,1,2,28192
156,1,6,42,1,2,64968
179,1,8,77,1,2,48642
131,2,6,69,1,2,62989
26,3,8,40,1,1,56145
109,0,16,47,0,1,57931
143,3,12,52,0,2,59414
84,1,16,59,0,1,48653
48,0,16,45,0,2,45499
68,3,12,89,0,2,58191
33,0,8,89,0,1,55780
78,2,8,87,0,1,39379
110,3,8,47,1,2,32339
77,1,12,69,1,2,48334
114,1,6,88,0,1,43048
164,0,4,79,0,2,22360
114,2,6,54,1,2,38096
110,3,6,97,0,1,67147
26,2,16,49,1,1,58540
75,2,4,72,0,1,64233
193,0,8,48,1,2,40038
77,0,6,88,1,2,64314
120,3,12,91,0,1,48887
64,1,6,96,0,1,11508
172,3,8,72,1,2,10118
68,2,6,48,0,2,69127
99,0,16,53,0,2,53015
37,2,16,95,1,1,58734
160,0,6,71,1,1,22360
134,1,16,76,0,2,65044
200,2,12,45,0,2,69361
122,0,4,44,1,2,44213
13,3,6,43,1,2,65801
25,3,12,99,1,1,39957
17,3,12,87,0,1,69650
99,2,12,55,1,1,39260
146,0,8,49,0,1,43586
200,0,6,70,1,1,35907
84,0,6,70,0,2,57828
108,2,6,53,0,1,51102
91,0,4,52,1,1,17605
200,1,12,99,0,1,14363
59,2,6,43,1,2,33481
38,1,16,85,0,2,46155
152,1,8,65,0,1,54573
190,3,4,63,0,1,30133
117,2,8,95,1,1,54145
100,0,12,48,1,1,30720
171,1,16,74,0,2,35967
161,2,12,81,1,1,56674
60,0,6,54,0,1,20183
152,3,8,63,1,1,18414
93,2,16,70,1,1,8111
160,2,8,58,0,2,11379
9,2,4,41,0,1,61025
93,0,16,41,0,1,64659
140,1,4,80,1,1,11151
11,1,16,75,0,1,48413
171,2,6,76,0,1,62758
13,2,8,73,1,2,59096
156,0,8,96,1,2,59652
125,3,12,78,0,1,16604
96,2,16,58,0,2,53028
161,2,16,77,1,1,10651
190,3,4,62,1,1,37631
174,2,16,55,1,1,24308
168,1,8,85,1,1,32761
21,2,16,83,0,1,17768
63,1,12,45,0,1,11158
88,0,12,97,1,2,31775
156,0,8,98,0,1,44845
53,1,8,65,0,2,40818
151,1,8,61,0,2,23485
23,3,16,84,1,2,58321
127,1,16,86,0,1,53410
91,1,6,63,1,1,64764
164,2,4,85,0,1,55466
15,3,16,79,1,1,39255
95,1,6,60,1,1,29787
138,1,6,69,1,2,32611
26,1,12,91,0,2,32852
104,2,16,50,0,1,46583
73,2,6,92,0,2,56793
86,2,12,48,0,2,15153
93,0,4,51,0,1,47093
131,2,12,65,1,1,63766
157,1,4,77,0,1,13931
53,2,8,90,0,2,35040
120,2,8,42,0,2,56793
98,3,12,72,0,2,25272
148,1,8,54,1,2,8403
